<?xml version="1.0" ?>
<ftc:FATCA_OECD xmlns:xsi="http:www.w3.org2001XMLSchema-instance" xmlns:iso="urn:oecd:ties:isofatcatypes:v1" xmlns:ftc="urn:oecd:ties:fatca:v2" xmlns:stf="urn:oecd:ties:stf:v4" xmlns:sfa="urn:oecd:ties:stffatcatypes:v2" xsi:schemaLocation="urn:oecd:ties:fatca:v2" version="2.0">
	<ftc:MessageSpec>
		<sfa:SendingCompanyIN>1MMZME.00000.LE.320</sfa:SendingCompanyIN>
		<sfa:TransmittingCountry>GT</sfa:TransmittingCountry>
		<sfa:ReceivingCountry>US</sfa:ReceivingCountry>
		<sfa:MessageType>FATCA</sfa:MessageType>
		<sfa:MessageRefId>80948a31-42e3-4afe-a821-b94c822866c0</sfa:MessageRefId>
		<sfa:ReportingPeriod>2024-12-31</sfa:ReportingPeriod>
		<sfa:Timestamp>2025-03-12T22:02:10Z</sfa:Timestamp>
	</ftc:MessageSpec>
	<ftc:FATCA>
		<ftc:ReportingFI>
			<sfa:ResCountryCode>GT</sfa:ResCountryCode>
			<sfa:TIN issuedBy="US">1MMZME.00000.LE.320</sfa:TIN>
			<sfa:Name>BANCO DE LOS TRABAJADORES</sfa:Name>
			<sfa:Address>
				<sfa:CountryCode>GT</sfa:CountryCode>
				<sfa:AddressFree>AVENIDA REFORMA 6 20 ZONA 9 GUATEMALA</sfa:AddressFree>
			</sfa:Address>
			<ftc:FilerCategory>FATCA601</ftc:FilerCategory>
			<ftc:DocSpec>
				<ftc:DocTypeIndic>FATCA1</ftc:DocTypeIndic>
				<ftc:DocRefId>1MMZME.00000.LE.320.e5c0cbb0-1866-475c-98cf-5108d6982d3e</ftc:DocRefId>
			</ftc:DocSpec>
		</ftc:ReportingFI>
		<ftc:ReportingGroup>
			<ftc:AccountReport>
				<ftc:DocSpec>
					<ftc:DocTypeIndic>FATCA1</ftc:DocTypeIndic>
					<ftc:DocRefId>1MMZME.00000.LE.320.cae0d23f-8654-4f04-932b-43cb9cd15b7e</ftc:DocRefId>
				</ftc:DocSpec>
				<ftc:AccountNumber>100957046</ftc:AccountNumber>
				<ftc:AccountClosed>false</ftc:AccountClosed>
				<ftc:AccountHolder>
					<ftc:Individual>
						<sfa:ResCountryCode xmlns:sfa="urn:oecd:ties:stffatcatypes:v2">US</sfa:ResCountryCode>
						<sfa:TIN xmlns:sfa="urn:oecd:ties:stffatcatypes:v2" issuedBy="US">513176415</sfa:TIN>
						<sfa:Name xmlns:sfa="urn:oecd:ties:stffatcatypes:v2">
							<sfa:FirstName>CARLOS</sfa:FirstName>
							<sfa:LastName>LOPEZ</sfa:LastName>
						</sfa:Name>
						<sfa:Address xmlns:sfa="urn:oecd:ties:stffatcatypes:v2">
							<sfa:CountryCode>GT</sfa:CountryCode>
							<sfa:AddressFix>
								<sfa:Street>6 AVE COLONIA LANDIVAR APTO A ZONA 7</sfa:Street>
								<sfa:BuildingIdentifier>1347</sfa:BuildingIdentifier>
								<sfa:PostCode>1007</sfa:PostCode>
								<sfa:City>GUATEMALA</sfa:City>
								<sfa:CountrySubentity>GUATEMALA</sfa:CountrySubentity>
							</sfa:AddressFix>
						</sfa:Address>
						<sfa:BirthInfo xmlns:sfa="urn:oecd:ties:stffatcatypes:v2">
							<sfa:BirthDate>1971-01-25</sfa:BirthDate>
						</sfa:BirthInfo>
					</ftc:Individual>
				</ftc:AccountHolder>
				<ftc:AccountBalance currCode="USD">852472.41</ftc:AccountBalance>
				<ftc:Payment>
					<ftc:Type>FATCA502</ftc:Type>
					<ftc:PaymentAmnt currCode="USD">14561.67</ftc:PaymentAmnt>
				</ftc:Payment>
			</ftc:AccountReport>
			<ftc:AccountReport>
				<ftc:DocSpec>
					<ftc:DocTypeIndic>FATCA1</ftc:DocTypeIndic>
					<ftc:DocRefId>1MMZME.00000.LE.320.9fa6061b-7121-4879-924d-c3a519cca4d1</ftc:DocRefId>
				</ftc:DocSpec>
				<ftc:AccountNumber>100462894</ftc:AccountNumber>
				<ftc:AccountClosed>false</ftc:AccountClosed>
				<ftc:AccountHolder>
					<ftc:Individual>
						<sfa:ResCountryCode xmlns:sfa="urn:oecd:ties:stffatcatypes:v2">US</sfa:ResCountryCode>
						<sfa:TIN xmlns:sfa="urn:oecd:ties:stffatcatypes:v2" issuedBy="US">560673410</sfa:TIN>
						<sfa:Name xmlns:sfa="urn:oecd:ties:stffatcatypes:v2">
							<sfa:FirstName>CESAR</sfa:FirstName>
							<sfa:LastName>CAMPOLLO</sfa:LastName>
						</sfa:Name>
						<sfa:Address xmlns:sfa="urn:oecd:ties:stffatcatypes:v2">
							<sfa:CountryCode>GT</sfa:CountryCode>
							<sfa:AddressFix>
								<sfa:Street>2 CALLE A</sfa:Street>
								<sfa:BuildingIdentifier>17 57</sfa:BuildingIdentifier>
								<sfa:PostCode>1015</sfa:PostCode>
								<sfa:City>GUATEMALA</sfa:City>
								<sfa:CountrySubentity>GUATEMALA</sfa:CountrySubentity>
							</sfa:AddressFix>
						</sfa:Address>
						<sfa:BirthInfo xmlns:sfa="urn:oecd:ties:stffatcatypes:v2">
							<sfa:BirthDate>1961-02-03</sfa:BirthDate>
						</sfa:BirthInfo>
					</ftc:Individual>
				</ftc:AccountHolder>
				<ftc:AccountBalance currCode="USD">457269.42</ftc:AccountBalance>
				<ftc:Payment>
					<ftc:Type>FATCA502</ftc:Type>
					<ftc:PaymentAmnt currCode="USD">88.31</ftc:PaymentAmnt>
				</ftc:Payment>
			</ftc:AccountReport>
			<ftc:AccountReport>
				<ftc:DocSpec>
					<ftc:DocTypeIndic>FATCA1</ftc:DocTypeIndic>
					<ftc:DocRefId>1MMZME.00000.LE.320.bf478dc0-3145-4794-9af3-aa7f05934390</ftc:DocRefId>
				</ftc:DocSpec>
				<ftc:AccountNumber>100580913</ftc:AccountNumber>
				<ftc:AccountClosed>false</ftc:AccountClosed>
				<ftc:AccountHolder>
					<ftc:Individual>
						<sfa:ResCountryCode xmlns:sfa="urn:oecd:ties:stffatcatypes:v2">US</sfa:ResCountryCode>
						<sfa:TIN xmlns:sfa="urn:oecd:ties:stffatcatypes:v2" issuedBy="US">562920341</sfa:TIN>
						<sfa:Name xmlns:sfa="urn:oecd:ties:stffatcatypes:v2">
							<sfa:FirstName>ROGELIO</sfa:FirstName>
							<sfa:LastName>ARRAZOLA</sfa:LastName>
						</sfa:Name>
						<sfa:Address xmlns:sfa="urn:oecd:ties:stffatcatypes:v2">
							<sfa:CountryCode>GT</sfa:CountryCode>
							<sfa:AddressFix>
								<sfa:Street>12 AVENIDA CONDOMINIO SAN AGUSTIN ZONA 4</sfa:Street>
								<sfa:BuildingIdentifier>1785</sfa:BuildingIdentifier>
								<sfa:PostCode>1057</sfa:PostCode>
								<sfa:City>MIXCO, GUATEMALA</sfa:City>
								<sfa:CountrySubentity>GUATEMALA</sfa:CountrySubentity>
							</sfa:AddressFix>
						</sfa:Address>
						<sfa:BirthInfo xmlns:sfa="urn:oecd:ties:stffatcatypes:v2">
							<sfa:BirthDate>1944-11-28</sfa:BirthDate>
						</sfa:BirthInfo>
					</ftc:Individual>
				</ftc:AccountHolder>
				<ftc:AccountBalance currCode="USD">414571.14</ftc:AccountBalance>
				<ftc:Payment>
					<ftc:Type>FATCA502</ftc:Type>
					<ftc:PaymentAmnt currCode="USD">3505.54</ftc:PaymentAmnt>
				</ftc:Payment>
			</ftc:AccountReport>
			<ftc:AccountReport>
				<ftc:DocSpec>
					<ftc:DocTypeIndic>FATCA1</ftc:DocTypeIndic>
					<ftc:DocRefId>1MMZME.00000.LE.320.ab22db63-c90b-4f85-938b-687144130fd0</ftc:DocRefId>
				</ftc:DocSpec>
				<ftc:AccountNumber>101154673</ftc:AccountNumber>
				<ftc:AccountClosed>false</ftc:AccountClosed>
				<ftc:AccountHolder>
					<ftc:Individual>
						<sfa:ResCountryCode xmlns:sfa="urn:oecd:ties:stffatcatypes:v2">US</sfa:ResCountryCode>
						<sfa:TIN xmlns:sfa="urn:oecd:ties:stffatcatypes:v2" issuedBy="US">506845619</sfa:TIN>
						<sfa:Name xmlns:sfa="urn:oecd:ties:stffatcatypes:v2">
							<sfa:FirstName>LILY</sfa:FirstName>
							<sfa:LastName>URETA</sfa:LastName>
						</sfa:Name>
						<sfa:Address xmlns:sfa="urn:oecd:ties:stffatcatypes:v2">
							<sfa:CountryCode>GT</sfa:CountryCode>
							<sfa:AddressFix>
								<sfa:Street>4 AVENIDA ZONA 14</sfa:Street>
								<sfa:BuildingIdentifier>1963</sfa:BuildingIdentifier>
								<sfa:PostCode>1014</sfa:PostCode>
								<sfa:City>GUATEMALA</sfa:City>
								<sfa:CountrySubentity>GUATEMALA</sfa:CountrySubentity>
							</sfa:AddressFix>
						</sfa:Address>
						<sfa:BirthInfo xmlns:sfa="urn:oecd:ties:stffatcatypes:v2">
							<sfa:BirthDate>1952-06-04</sfa:BirthDate>
						</sfa:BirthInfo>
					</ftc:Individual>
				</ftc:AccountHolder>
				<ftc:AccountBalance currCode="USD">272164.77</ftc:AccountBalance>
				<ftc:Payment>
					<ftc:Type>FATCA502</ftc:Type>
					<ftc:PaymentAmnt currCode="USD">267.91</ftc:PaymentAmnt>
				</ftc:Payment>
			</ftc:AccountReport>
			<ftc:AccountReport>
				<ftc:DocSpec>
					<ftc:DocTypeIndic>FATCA1</ftc:DocTypeIndic>
					<ftc:DocRefId>1MMZME.00000.LE.320.c67efb5b-a4b0-4667-bbad-19bd4ddb187b</ftc:DocRefId>
				</ftc:DocSpec>
				<ftc:AccountNumber>2500032355</ftc:AccountNumber>
				<ftc:AccountClosed>false</ftc:AccountClosed>
				<ftc:AccountHolder>
					<ftc:Individual>
						<sfa:ResCountryCode xmlns:sfa="urn:oecd:ties:stffatcatypes:v2">US</sfa:ResCountryCode>
						<sfa:TIN xmlns:sfa="urn:oecd:ties:stffatcatypes:v2" issuedBy="US">618389637</sfa:TIN>
						<sfa:Name xmlns:sfa="urn:oecd:ties:stffatcatypes:v2">
							<sfa:FirstName>ESTELA</sfa:FirstName>
							<sfa:LastName>ESCOBAR</sfa:LastName>
						</sfa:Name>
						<sfa:Address xmlns:sfa="urn:oecd:ties:stffatcatypes:v2">
							<sfa:CountryCode>GT</sfa:CountryCode>
							<sfa:AddressFix>
								<sfa:Street>N CAPRI DR PACIFIC PLSDS</sfa:Street>
								<sfa:BuildingIdentifier>1339</sfa:BuildingIdentifier>
								<sfa:PostCode>90272</sfa:PostCode>
								<sfa:City>LOS ANGELES</sfa:City>
								<sfa:CountrySubentity>CALIFORNIA</sfa:CountrySubentity>
							</sfa:AddressFix>
						</sfa:Address>
						<sfa:BirthInfo xmlns:sfa="urn:oecd:ties:stffatcatypes:v2">
							<sfa:BirthDate>1954-02-19</sfa:BirthDate>
						</sfa:BirthInfo>
					</ftc:Individual>
				</ftc:AccountHolder>
				<ftc:AccountBalance currCode="USD">257844.79</ftc:AccountBalance>
				<ftc:Payment>
					<ftc:Type>FATCA502</ftc:Type>
					<ftc:PaymentAmnt currCode="USD">45.71</ftc:PaymentAmnt>
				</ftc:Payment>
			</ftc:AccountReport>
			<ftc:AccountReport>
				<ftc:DocSpec>
					<ftc:DocTypeIndic>FATCA1</ftc:DocTypeIndic>
					<ftc:DocRefId>1MMZME.00000.LE.320.debb1a75-ae52-4035-bade-8ccaa1d51f20</ftc:DocRefId>
				</ftc:DocSpec>
				<ftc:AccountNumber>100956823</ftc:AccountNumber>
				<ftc:AccountClosed>false</ftc:AccountClosed>
				<ftc:AccountHolder>
					<ftc:Individual>
						<sfa:ResCountryCode xmlns:sfa="urn:oecd:ties:stffatcatypes:v2">US</sfa:ResCountryCode>
						<sfa:TIN xmlns:sfa="urn:oecd:ties:stffatcatypes:v2" issuedBy="US">612258610</sfa:TIN>
						<sfa:Name xmlns:sfa="urn:oecd:ties:stffatcatypes:v2">
							<sfa:FirstName>MIRTALA</sfa:FirstName>
							<sfa:LastName>MARROQUIN</sfa:LastName>
						</sfa:Name>
						<sfa:Address xmlns:sfa="urn:oecd:ties:stffatcatypes:v2">
							<sfa:CountryCode>US</sfa:CountryCode>
							<sfa:AddressFix>
								<sfa:Street>ROBINHOOD DR APR 27</sfa:Street>
								<sfa:BuildingIdentifier>685</sfa:BuildingIdentifier>
								<sfa:PostCode>89506</sfa:PostCode>
								<sfa:City>RENO</sfa:City>
								<sfa:CountrySubentity>NEVADA</sfa:CountrySubentity>
							</sfa:AddressFix>
						</sfa:Address>
						<sfa:BirthInfo xmlns:sfa="urn:oecd:ties:stffatcatypes:v2">
							<sfa:BirthDate>1958-02-14</sfa:BirthDate>
						</sfa:BirthInfo>
					</ftc:Individual>
				</ftc:AccountHolder>
				<ftc:AccountBalance currCode="USD">246598.59</ftc:AccountBalance>
				<ftc:Payment>
					<ftc:Type>FATCA502</ftc:Type>
					<ftc:PaymentAmnt currCode="USD">2162.1</ftc:PaymentAmnt>
				</ftc:Payment>
			</ftc:AccountReport>
			<ftc:AccountReport>
				<ftc:DocSpec>
					<ftc:DocTypeIndic>FATCA1</ftc:DocTypeIndic>
					<ftc:DocRefId>1MMZME.00000.LE.320.d2dcb600-c3d8-4a2d-ada1-22e6e70d238c</ftc:DocRefId>
				</ftc:DocSpec>
				<ftc:AccountNumber>343040048</ftc:AccountNumber>
				<ftc:AccountClosed>false</ftc:AccountClosed>
				<ftc:AccountHolder>
					<ftc:Individual>
						<sfa:ResCountryCode xmlns:sfa="urn:oecd:ties:stffatcatypes:v2">US</sfa:ResCountryCode>
						<sfa:TIN xmlns:sfa="urn:oecd:ties:stffatcatypes:v2" issuedBy="US">107847974</sfa:TIN>
						<sfa:Name xmlns:sfa="urn:oecd:ties:stffatcatypes:v2">
							<sfa:FirstName>MYNOR</sfa:FirstName>
							<sfa:LastName>DUARTE</sfa:LastName>
						</sfa:Name>
						<sfa:Address xmlns:sfa="urn:oecd:ties:stffatcatypes:v2">
							<sfa:CountryCode>US</sfa:CountryCode>
							<sfa:AddressFix>
								<sfa:Street>W HICKORY ST SPRING VALLEY</sfa:Street>
								<sfa:BuildingIdentifier>10</sfa:BuildingIdentifier>
								<sfa:PostCode>10977</sfa:PostCode>
								<sfa:City>NEW YORK</sfa:City>
								<sfa:CountrySubentity>NEW YORK</sfa:CountrySubentity>
							</sfa:AddressFix>
						</sfa:Address>
						<sfa:BirthInfo xmlns:sfa="urn:oecd:ties:stffatcatypes:v2">
							<sfa:BirthDate>1970-03-02</sfa:BirthDate>
						</sfa:BirthInfo>
					</ftc:Individual>
				</ftc:AccountHolder>
				<ftc:AccountBalance currCode="USD">231295.09</ftc:AccountBalance>
				<ftc:Payment>
					<ftc:Type>FATCA502</ftc:Type>
					<ftc:PaymentAmnt currCode="USD">5997.29</ftc:PaymentAmnt>
				</ftc:Payment>
			</ftc:AccountReport>
			<ftc:AccountReport>
				<ftc:DocSpec>
					<ftc:DocTypeIndic>FATCA1</ftc:DocTypeIndic>
					<ftc:DocRefId>1MMZME.00000.LE.320.7c1b9fa8-c4da-4051-a44b-8ff4b00f4f37</ftc:DocRefId>
				</ftc:DocSpec>
				<ftc:AccountNumber>100385428</ftc:AccountNumber>
				<ftc:AccountClosed>false</ftc:AccountClosed>
				<ftc:AccountHolder>
					<ftc:Individual>
						<sfa:ResCountryCode xmlns:sfa="urn:oecd:ties:stffatcatypes:v2">US</sfa:ResCountryCode>
						<sfa:TIN xmlns:sfa="urn:oecd:ties:stffatcatypes:v2" issuedBy="US">61705728</sfa:TIN>
						<sfa:Name xmlns:sfa="urn:oecd:ties:stffatcatypes:v2">
							<sfa:FirstName>LEONELA</sfa:FirstName>
							<sfa:LastName>GUERRA</sfa:LastName>
						</sfa:Name>
						<sfa:Address xmlns:sfa="urn:oecd:ties:stffatcatypes:v2">
							<sfa:CountryCode>US</sfa:CountryCode>
							<sfa:AddressFix>
								<sfa:Street>CALLE ATO 1C 11104</sfa:Street>
								<sfa:BuildingIdentifier>41 1941</sfa:BuildingIdentifier>
								<sfa:PostCode>11104</sfa:PostCode>
								<sfa:City>SUNNYSIDE</sfa:City>
								<sfa:CountrySubentity>NEW YORK</sfa:CountrySubentity>
							</sfa:AddressFix>
						</sfa:Address>
						<sfa:BirthInfo xmlns:sfa="urn:oecd:ties:stffatcatypes:v2">
							<sfa:BirthDate>1947-12-15</sfa:BirthDate>
						</sfa:BirthInfo>
					</ftc:Individual>
				</ftc:AccountHolder>
				<ftc:AccountBalance currCode="USD">234989.91</ftc:AccountBalance>
				<ftc:Payment>
					<ftc:Type>FATCA502</ftc:Type>
					<ftc:PaymentAmnt currCode="USD">36.26</ftc:PaymentAmnt>
				</ftc:Payment>
			</ftc:AccountReport>
			<ftc:AccountReport>
				<ftc:DocSpec>
					<ftc:DocTypeIndic>FATCA1</ftc:DocTypeIndic>
					<ftc:DocRefId>1MMZME.00000.LE.320.4e9e5c8e-7f1b-4216-bbaa-300b6b3482a6</ftc:DocRefId>
				</ftc:DocSpec>
				<ftc:AccountNumber>100631669</ftc:AccountNumber>
				<ftc:AccountClosed>false</ftc:AccountClosed>
				<ftc:AccountHolder>
					<ftc:Individual>
						<sfa:ResCountryCode xmlns:sfa="urn:oecd:ties:stffatcatypes:v2">US</sfa:ResCountryCode>
						<sfa:TIN xmlns:sfa="urn:oecd:ties:stffatcatypes:v2" issuedBy="US">449977116</sfa:TIN>
						<sfa:Name xmlns:sfa="urn:oecd:ties:stffatcatypes:v2">
							<sfa:FirstName>MARCO</sfa:FirstName>
							<sfa:LastName>DE LEON</sfa:LastName>
						</sfa:Name>
						<sfa:Address xmlns:sfa="urn:oecd:ties:stffatcatypes:v2">
							<sfa:CountryCode>GT</sfa:CountryCode>
							<sfa:AddressFix>
								<sfa:Street>RAVENS WAY</sfa:Street>
								<sfa:BuildingIdentifier>10526</sfa:BuildingIdentifier>
								<sfa:PostCode>11523</sfa:PostCode>
								<sfa:City>BAYTOWN</sfa:City>
								<sfa:CountrySubentity>TEXAS</sfa:CountrySubentity>
							</sfa:AddressFix>
						</sfa:Address>
						<sfa:BirthInfo xmlns:sfa="urn:oecd:ties:stffatcatypes:v2">
							<sfa:BirthDate>1965-07-06</sfa:BirthDate>
						</sfa:BirthInfo>
					</ftc:Individual>
				</ftc:AccountHolder>
				<ftc:AccountBalance currCode="USD">228730.74</ftc:AccountBalance>
				<ftc:Payment>
					<ftc:Type>FATCA502</ftc:Type>
					<ftc:PaymentAmnt currCode="USD">674.05</ftc:PaymentAmnt>
				</ftc:Payment>
			</ftc:AccountReport>
			<ftc:AccountReport>
				<ftc:DocSpec>
					<ftc:DocTypeIndic>FATCA1</ftc:DocTypeIndic>
					<ftc:DocRefId>1MMZME.00000.LE.320.29231f4b-ba60-4582-a7ee-8778c37580ea</ftc:DocRefId>
				</ftc:DocSpec>
				<ftc:AccountNumber>100448131</ftc:AccountNumber>
				<ftc:AccountClosed>false</ftc:AccountClosed>
				<ftc:AccountHolder>
					<ftc:Individual>
						<sfa:ResCountryCode xmlns:sfa="urn:oecd:ties:stffatcatypes:v2">US</sfa:ResCountryCode>
						<sfa:TIN xmlns:sfa="urn:oecd:ties:stffatcatypes:v2" issuedBy="US">215775734</sfa:TIN>
						<sfa:Name xmlns:sfa="urn:oecd:ties:stffatcatypes:v2">
							<sfa:FirstName>ZENIA</sfa:FirstName>
							<sfa:LastName>MARROQUIN</sfa:LastName>
						</sfa:Name>
						<sfa:Address xmlns:sfa="urn:oecd:ties:stffatcatypes:v2">
							<sfa:CountryCode>GT</sfa:CountryCode>
							<sfa:AddressFix>
								<sfa:Street>VISTAS DEL ANGEL CASA CAÑADAS DE SAN LAZARO</sfa:Street>
								<sfa:BuildingIdentifier>6AA</sfa:BuildingIdentifier>
								<sfa:PostCode>1015</sfa:PostCode>
								<sfa:City>GUATEMALA</sfa:City>
								<sfa:CountrySubentity>GUATEMALA</sfa:CountrySubentity>
							</sfa:AddressFix>
						</sfa:Address>
						<sfa:BirthInfo xmlns:sfa="urn:oecd:ties:stffatcatypes:v2">
							<sfa:BirthDate>1962-08-17</sfa:BirthDate>
						</sfa:BirthInfo>
					</ftc:Individual>
				</ftc:AccountHolder>
				<ftc:AccountBalance currCode="USD">208683.98</ftc:AccountBalance>
				<ftc:Payment>
					<ftc:Type>FATCA502</ftc:Type>
					<ftc:PaymentAmnt currCode="USD">52.09</ftc:PaymentAmnt>
				</ftc:Payment>
			</ftc:AccountReport>
			<ftc:AccountReport>
				<ftc:DocSpec>
					<ftc:DocTypeIndic>FATCA1</ftc:DocTypeIndic>
					<ftc:DocRefId>1MMZME.00000.LE.320.0990ae2c-defe-460d-9e70-c37c1be239dd</ftc:DocRefId>
				</ftc:DocSpec>
				<ftc:AccountNumber>100353007</ftc:AccountNumber>
				<ftc:AccountClosed>false</ftc:AccountClosed>
				<ftc:AccountHolder>
					<ftc:Individual>
						<sfa:ResCountryCode xmlns:sfa="urn:oecd:ties:stffatcatypes:v2">US</sfa:ResCountryCode>
						<sfa:TIN xmlns:sfa="urn:oecd:ties:stffatcatypes:v2" issuedBy="US">122687522</sfa:TIN>
						<sfa:Name xmlns:sfa="urn:oecd:ties:stffatcatypes:v2">
							<sfa:FirstName>CARLOS</sfa:FirstName>
							<sfa:LastName>PORRES</sfa:LastName>
						</sfa:Name>
						<sfa:Address xmlns:sfa="urn:oecd:ties:stffatcatypes:v2">
							<sfa:CountryCode>GT</sfa:CountryCode>
							<sfa:AddressFix>
								<sfa:Street>KM. 38.5 CARR. AL PACIFICO, RESIDENCIALES LAS VICTORIAS SECTOR 56</sfa:Street>
								<sfa:BuildingIdentifier>5</sfa:BuildingIdentifier>
								<sfa:PostCode>5001</sfa:PostCode>
								<sfa:City>ESCUINTLA</sfa:City>
								<sfa:CountrySubentity>ESCUINTLA</sfa:CountrySubentity>
							</sfa:AddressFix>
						</sfa:Address>
						<sfa:BirthInfo xmlns:sfa="urn:oecd:ties:stffatcatypes:v2">
							<sfa:BirthDate>1955-06-17</sfa:BirthDate>
						</sfa:BirthInfo>
					</ftc:Individual>
				</ftc:AccountHolder>
				<ftc:AccountBalance currCode="USD">205581.91</ftc:AccountBalance>
				<ftc:Payment>
					<ftc:Type>FATCA502</ftc:Type>
					<ftc:PaymentAmnt currCode="USD">0.49</ftc:PaymentAmnt>
				</ftc:Payment>
			</ftc:AccountReport>
			<ftc:AccountReport>
				<ftc:DocSpec>
					<ftc:DocTypeIndic>FATCA1</ftc:DocTypeIndic>
					<ftc:DocRefId>1MMZME.00000.LE.320.7d3007fd-fc87-4eac-a793-945b3f749b5c</ftc:DocRefId>
				</ftc:DocSpec>
				<ftc:AccountNumber>101184666</ftc:AccountNumber>
				<ftc:AccountClosed>false</ftc:AccountClosed>
				<ftc:AccountHolder>
					<ftc:Individual>
						<sfa:ResCountryCode xmlns:sfa="urn:oecd:ties:stffatcatypes:v2">US</sfa:ResCountryCode>
						<sfa:TIN xmlns:sfa="urn:oecd:ties:stffatcatypes:v2" issuedBy="US">699149673</sfa:TIN>
						<sfa:Name xmlns:sfa="urn:oecd:ties:stffatcatypes:v2">
							<sfa:FirstName>PABLO</sfa:FirstName>
							<sfa:LastName>VILLEDA</sfa:LastName>
						</sfa:Name>
						<sfa:Address xmlns:sfa="urn:oecd:ties:stffatcatypes:v2">
							<sfa:CountryCode>GT</sfa:CountryCode>
							<sfa:AddressFix>
								<sfa:Street>7 CALLE APARTAMENTO A GRANJAS SAN CRISTOBAL</sfa:Street>
								<sfa:BuildingIdentifier>11 19</sfa:BuildingIdentifier>
								<sfa:PostCode>1057</sfa:PostCode>
								<sfa:City>MIXCO</sfa:City>
								<sfa:CountrySubentity>GUATEMALA</sfa:CountrySubentity>
							</sfa:AddressFix>
						</sfa:Address>
						<sfa:BirthInfo xmlns:sfa="urn:oecd:ties:stffatcatypes:v2">
							<sfa:BirthDate>1971-01-21 00:00:00</sfa:BirthDate>
						</sfa:BirthInfo>
					</ftc:Individual>
				</ftc:AccountHolder>
				<ftc:AccountBalance currCode="USD">181762.15</ftc:AccountBalance>
				<ftc:Payment>
					<ftc:Type>FATCA502</ftc:Type>
					<ftc:PaymentAmnt currCode="USD">6069.25</ftc:PaymentAmnt>
				</ftc:Payment>
			</ftc:AccountReport>
			<ftc:AccountReport>
				<ftc:DocSpec>
					<ftc:DocTypeIndic>FATCA1</ftc:DocTypeIndic>
					<ftc:DocRefId>1MMZME.00000.LE.320.9cc566a0-7a8b-490a-b08a-da93c6b5c0df</ftc:DocRefId>
				</ftc:DocSpec>
				<ftc:AccountNumber>100428625</ftc:AccountNumber>
				<ftc:AccountClosed>false</ftc:AccountClosed>
				<ftc:AccountHolder>
					<ftc:Individual>
						<sfa:ResCountryCode xmlns:sfa="urn:oecd:ties:stffatcatypes:v2">US</sfa:ResCountryCode>
						<sfa:TIN xmlns:sfa="urn:oecd:ties:stffatcatypes:v2" issuedBy="US">13781138</sfa:TIN>
						<sfa:Name xmlns:sfa="urn:oecd:ties:stffatcatypes:v2">
							<sfa:FirstName>JUAN</sfa:FirstName>
							<sfa:LastName>SANDOVAL</sfa:LastName>
						</sfa:Name>
						<sfa:Address xmlns:sfa="urn:oecd:ties:stffatcatypes:v2">
							<sfa:CountryCode>US</sfa:CountryCode>
							<sfa:AddressFix>
								<sfa:Street>CALLEJON LA TUNA</sfa:Street>
								<sfa:BuildingIdentifier>04</sfa:BuildingIdentifier>
								<sfa:PostCode>2128</sfa:PostCode>
								<sfa:City>BOSTON</sfa:City>
								<sfa:CountrySubentity>MASSACHUSETTS</sfa:CountrySubentity>
							</sfa:AddressFix>
						</sfa:Address>
						<sfa:BirthInfo xmlns:sfa="urn:oecd:ties:stffatcatypes:v2">
							<sfa:BirthDate>1967-01-20</sfa:BirthDate>
						</sfa:BirthInfo>
					</ftc:Individual>
				</ftc:AccountHolder>
				<ftc:AccountBalance currCode="USD">185761.07</ftc:AccountBalance>
				<ftc:Payment>
					<ftc:Type>FATCA502</ftc:Type>
					<ftc:PaymentAmnt currCode="USD">1591.32</ftc:PaymentAmnt>
				</ftc:Payment>
			</ftc:AccountReport>
			<ftc:AccountReport>
				<ftc:DocSpec>
					<ftc:DocTypeIndic>FATCA1</ftc:DocTypeIndic>
					<ftc:DocRefId>1MMZME.00000.LE.320.e860926f-2b5f-4c9f-8b50-1396a7e4de1e</ftc:DocRefId>
				</ftc:DocSpec>
				<ftc:AccountNumber>741010007</ftc:AccountNumber>
				<ftc:AccountClosed>false</ftc:AccountClosed>
				<ftc:AccountHolder>
					<ftc:Individual>
						<sfa:ResCountryCode xmlns:sfa="urn:oecd:ties:stffatcatypes:v2">US</sfa:ResCountryCode>
						<sfa:TIN xmlns:sfa="urn:oecd:ties:stffatcatypes:v2" issuedBy="US">603146957</sfa:TIN>
						<sfa:Name xmlns:sfa="urn:oecd:ties:stffatcatypes:v2">
							<sfa:FirstName>EDGAR</sfa:FirstName>
							<sfa:LastName>ALVAREZ</sfa:LastName>
						</sfa:Name>
						<sfa:Address xmlns:sfa="urn:oecd:ties:stffatcatypes:v2">
							<sfa:CountryCode>US</sfa:CountryCode>
							<sfa:AddressFix>
								<sfa:Street>W 41 ST</sfa:Street>
								<sfa:BuildingIdentifier>727</sfa:BuildingIdentifier>
								<sfa:PostCode>90037</sfa:PostCode>
								<sfa:City>LOS ANGELES</sfa:City>
								<sfa:CountrySubentity>CALIFORNIA</sfa:CountrySubentity>
							</sfa:AddressFix>
						</sfa:Address>
						<sfa:BirthInfo xmlns:sfa="urn:oecd:ties:stffatcatypes:v2">
							<sfa:BirthDate>1955-01-14</sfa:BirthDate>
						</sfa:BirthInfo>
					</ftc:Individual>
				</ftc:AccountHolder>
				<ftc:AccountBalance currCode="USD">183887.36</ftc:AccountBalance>
				<ftc:Payment>
					<ftc:Type>FATCA502</ftc:Type>
					<ftc:PaymentAmnt currCode="USD">1052.86</ftc:PaymentAmnt>
				</ftc:Payment>
			</ftc:AccountReport>
			<ftc:AccountReport>
				<ftc:DocSpec>
					<ftc:DocTypeIndic>FATCA1</ftc:DocTypeIndic>
					<ftc:DocRefId>1MMZME.00000.LE.320.c3c72c8c-8cef-4af3-8c11-9c74ed75976e</ftc:DocRefId>
				</ftc:DocSpec>
				<ftc:AccountNumber>101043981</ftc:AccountNumber>
				<ftc:AccountClosed>false</ftc:AccountClosed>
				<ftc:AccountHolder>
					<ftc:Individual>
						<sfa:ResCountryCode xmlns:sfa="urn:oecd:ties:stffatcatypes:v2">US</sfa:ResCountryCode>
						<sfa:TIN xmlns:sfa="urn:oecd:ties:stffatcatypes:v2" issuedBy="US">68840134</sfa:TIN>
						<sfa:Name xmlns:sfa="urn:oecd:ties:stffatcatypes:v2">
							<sfa:FirstName>ARNALDO</sfa:FirstName>
							<sfa:LastName>GARZA</sfa:LastName>
						</sfa:Name>
						<sfa:Address xmlns:sfa="urn:oecd:ties:stffatcatypes:v2">
							<sfa:CountryCode>GT</sfa:CountryCode>
							<sfa:AddressFix>
								<sfa:Street>18 CALLE COLONIA LOS PINOS</sfa:Street>
								<sfa:BuildingIdentifier>3011</sfa:BuildingIdentifier>
								<sfa:PostCode>1018</sfa:PostCode>
								<sfa:City>GUATEMALA</sfa:City>
								<sfa:CountrySubentity>GUATEMALA</sfa:CountrySubentity>
							</sfa:AddressFix>
						</sfa:Address>
						<sfa:BirthInfo xmlns:sfa="urn:oecd:ties:stffatcatypes:v2">
							<sfa:BirthDate>1964-04-27</sfa:BirthDate>
						</sfa:BirthInfo>
					</ftc:Individual>
				</ftc:AccountHolder>
				<ftc:AccountBalance currCode="USD">168261.21</ftc:AccountBalance>
				<ftc:Payment>
					<ftc:Type>FATCA502</ftc:Type>
					<ftc:PaymentAmnt currCode="USD">6667.37</ftc:PaymentAmnt>
				</ftc:Payment>
			</ftc:AccountReport>
			<ftc:AccountReport>
				<ftc:DocSpec>
					<ftc:DocTypeIndic>FATCA1</ftc:DocTypeIndic>
					<ftc:DocRefId>1MMZME.00000.LE.320.0eae0b11-cfa7-4637-90ff-7b493c74bc4b</ftc:DocRefId>
				</ftc:DocSpec>
				<ftc:AccountNumber>100652239</ftc:AccountNumber>
				<ftc:AccountClosed>false</ftc:AccountClosed>
				<ftc:AccountHolder>
					<ftc:Individual>
						<sfa:ResCountryCode xmlns:sfa="urn:oecd:ties:stffatcatypes:v2">US</sfa:ResCountryCode>
						<sfa:TIN xmlns:sfa="urn:oecd:ties:stffatcatypes:v2" issuedBy="US">565799355</sfa:TIN>
						<sfa:Name xmlns:sfa="urn:oecd:ties:stffatcatypes:v2">
							<sfa:FirstName>VICTOR</sfa:FirstName>
							<sfa:LastName>OCHOA</sfa:LastName>
						</sfa:Name>
						<sfa:Address xmlns:sfa="urn:oecd:ties:stffatcatypes:v2">
							<sfa:CountryCode>GT</sfa:CountryCode>
							<sfa:AddressFix>
								<sfa:Street>SECCION D LOTE LAS ILUSIONES ZONA 18</sfa:Street>
								<sfa:BuildingIdentifier>54A</sfa:BuildingIdentifier>
								<sfa:PostCode>1018</sfa:PostCode>
								<sfa:City>GUATEMALA</sfa:City>
								<sfa:CountrySubentity>GUATEMALA</sfa:CountrySubentity>
							</sfa:AddressFix>
						</sfa:Address>
						<sfa:BirthInfo xmlns:sfa="urn:oecd:ties:stffatcatypes:v2">
							<sfa:BirthDate>1947-02-05</sfa:BirthDate>
						</sfa:BirthInfo>
					</ftc:Individual>
				</ftc:AccountHolder>
				<ftc:AccountBalance currCode="USD">168276.08</ftc:AccountBalance>
				<ftc:Payment>
					<ftc:Type>FATCA502</ftc:Type>
					<ftc:PaymentAmnt currCode="USD">1654.07</ftc:PaymentAmnt>
				</ftc:Payment>
			</ftc:AccountReport>
			<ftc:AccountReport>
				<ftc:DocSpec>
					<ftc:DocTypeIndic>FATCA1</ftc:DocTypeIndic>
					<ftc:DocRefId>1MMZME.00000.LE.320.be6327dc-948d-44cc-af64-eff8f827cd7c</ftc:DocRefId>
				</ftc:DocSpec>
				<ftc:AccountNumber>101016744</ftc:AccountNumber>
				<ftc:AccountClosed>false</ftc:AccountClosed>
				<ftc:AccountHolder>
					<ftc:Individual>
						<sfa:ResCountryCode xmlns:sfa="urn:oecd:ties:stffatcatypes:v2">US</sfa:ResCountryCode>
						<sfa:TIN xmlns:sfa="urn:oecd:ties:stffatcatypes:v2" issuedBy="US">31422488</sfa:TIN>
						<sfa:Name xmlns:sfa="urn:oecd:ties:stffatcatypes:v2">
							<sfa:FirstName>MARGARITA</sfa:FirstName>
							<sfa:LastName>WHIPPLE</sfa:LastName>
						</sfa:Name>
						<sfa:Address xmlns:sfa="urn:oecd:ties:stffatcatypes:v2">
							<sfa:CountryCode>GT</sfa:CountryCode>
							<sfa:AddressFix>
								<sfa:Street>12 CALLE ZONA 14</sfa:Street>
								<sfa:BuildingIdentifier>1041</sfa:BuildingIdentifier>
								<sfa:PostCode>1014</sfa:PostCode>
								<sfa:City>GUATEMALA</sfa:City>
								<sfa:CountrySubentity>GUATEMALA</sfa:CountrySubentity>
							</sfa:AddressFix>
						</sfa:Address>
						<sfa:BirthInfo xmlns:sfa="urn:oecd:ties:stffatcatypes:v2">
							<sfa:BirthDate>1948-06-26</sfa:BirthDate>
						</sfa:BirthInfo>
					</ftc:Individual>
				</ftc:AccountHolder>
				<ftc:AccountBalance currCode="USD">161849.52</ftc:AccountBalance>
				<ftc:Payment>
					<ftc:Type>FATCA502</ftc:Type>
					<ftc:PaymentAmnt currCode="USD">489.84</ftc:PaymentAmnt>
				</ftc:Payment>
			</ftc:AccountReport>
			<ftc:AccountReport>
				<ftc:DocSpec>
					<ftc:DocTypeIndic>FATCA1</ftc:DocTypeIndic>
					<ftc:DocRefId>1MMZME.00000.LE.320.e1a84396-c6b9-4b8a-830a-ef6692804ca6</ftc:DocRefId>
				</ftc:DocSpec>
				<ftc:AccountNumber>100635150</ftc:AccountNumber>
				<ftc:AccountClosed>false</ftc:AccountClosed>
				<ftc:AccountHolder>
					<ftc:Individual>
						<sfa:ResCountryCode xmlns:sfa="urn:oecd:ties:stffatcatypes:v2">US</sfa:ResCountryCode>
						<sfa:TIN xmlns:sfa="urn:oecd:ties:stffatcatypes:v2" issuedBy="US">621760947</sfa:TIN>
						<sfa:Name xmlns:sfa="urn:oecd:ties:stffatcatypes:v2">
							<sfa:FirstName>GRACIELA</sfa:FirstName>
							<sfa:LastName>SANTIZ</sfa:LastName>
						</sfa:Name>
						<sfa:Address xmlns:sfa="urn:oecd:ties:stffatcatypes:v2">
							<sfa:CountryCode>GT</sfa:CountryCode>
							<sfa:AddressFix>
								<sfa:Street>6 CALLE COLONIA PINARES DEL NORTE ZONA 18</sfa:Street>
								<sfa:BuildingIdentifier>63 07</sfa:BuildingIdentifier>
								<sfa:PostCode>1018</sfa:PostCode>
								<sfa:City>GUATEMALA</sfa:City>
								<sfa:CountrySubentity>GUATEMALA</sfa:CountrySubentity>
							</sfa:AddressFix>
						</sfa:Address>
						<sfa:BirthInfo xmlns:sfa="urn:oecd:ties:stffatcatypes:v2">
							<sfa:BirthDate>1943-08-15</sfa:BirthDate>
						</sfa:BirthInfo>
					</ftc:Individual>
				</ftc:AccountHolder>
				<ftc:AccountBalance currCode="USD">157417.83</ftc:AccountBalance>
				<ftc:Payment>
					<ftc:Type>FATCA502</ftc:Type>
					<ftc:PaymentAmnt currCode="USD">1006.56</ftc:PaymentAmnt>
				</ftc:Payment>
			</ftc:AccountReport>
			<ftc:AccountReport>
				<ftc:DocSpec>
					<ftc:DocTypeIndic>FATCA1</ftc:DocTypeIndic>
					<ftc:DocRefId>1MMZME.00000.LE.320.b10965bc-f121-4f2b-bf62-e8aeac822a14</ftc:DocRefId>
				</ftc:DocSpec>
				<ftc:AccountNumber>100895632</ftc:AccountNumber>
				<ftc:AccountClosed>false</ftc:AccountClosed>
				<ftc:AccountHolder>
					<ftc:Individual>
						<sfa:ResCountryCode xmlns:sfa="urn:oecd:ties:stffatcatypes:v2">US</sfa:ResCountryCode>
						<sfa:TIN xmlns:sfa="urn:oecd:ties:stffatcatypes:v2" issuedBy="US">78041321</sfa:TIN>
						<sfa:Name xmlns:sfa="urn:oecd:ties:stffatcatypes:v2">
							<sfa:FirstName>JONATHAN</sfa:FirstName>
							<sfa:LastName>KESTLER</sfa:LastName>
						</sfa:Name>
						<sfa:Address xmlns:sfa="urn:oecd:ties:stffatcatypes:v2">
							<sfa:CountryCode>GT</sfa:CountryCode>
							<sfa:AddressFix>
								<sfa:Street>4 CALLE B COLONIA LOMA REAL ZONA 8</sfa:Street>
								<sfa:BuildingIdentifier>0 28</sfa:BuildingIdentifier>
								<sfa:PostCode>1057</sfa:PostCode>
								<sfa:City>MIXCO</sfa:City>
								<sfa:CountrySubentity>GUATEMALA</sfa:CountrySubentity>
							</sfa:AddressFix>
						</sfa:Address>
						<sfa:BirthInfo xmlns:sfa="urn:oecd:ties:stffatcatypes:v2">
							<sfa:BirthDate>1986-09-05</sfa:BirthDate>
						</sfa:BirthInfo>
					</ftc:Individual>
				</ftc:AccountHolder>
				<ftc:AccountBalance currCode="USD">154403.93</ftc:AccountBalance>
				<ftc:Payment>
					<ftc:Type>FATCA502</ftc:Type>
					<ftc:PaymentAmnt currCode="USD">1159.02</ftc:PaymentAmnt>
				</ftc:Payment>
			</ftc:AccountReport>
			<ftc:AccountReport>
				<ftc:DocSpec>
					<ftc:DocTypeIndic>FATCA1</ftc:DocTypeIndic>
					<ftc:DocRefId>1MMZME.00000.LE.320.d1bb02b8-6441-4959-b19d-ce092b40a97b</ftc:DocRefId>
				</ftc:DocSpec>
				<ftc:AccountNumber>100542868</ftc:AccountNumber>
				<ftc:AccountClosed>false</ftc:AccountClosed>
				<ftc:AccountHolder>
					<ftc:Individual>
						<sfa:ResCountryCode xmlns:sfa="urn:oecd:ties:stffatcatypes:v2">US</sfa:ResCountryCode>
						<sfa:TIN xmlns:sfa="urn:oecd:ties:stffatcatypes:v2" issuedBy="US">618184914</sfa:TIN>
						<sfa:Name xmlns:sfa="urn:oecd:ties:stffatcatypes:v2">
							<sfa:FirstName>JOSE</sfa:FirstName>
							<sfa:LastName>NOGUERA</sfa:LastName>
						</sfa:Name>
						<sfa:Address xmlns:sfa="urn:oecd:ties:stffatcatypes:v2">
							<sfa:CountryCode>US</sfa:CountryCode>
							<sfa:AddressFix>
								<sfa:Street>CASTELLO AVE</sfa:Street>
								<sfa:BuildingIdentifier>8932</sfa:BuildingIdentifier>
								<sfa:PostCode>91402</sfa:PostCode>
								<sfa:City>PANORAMA CITY</sfa:City>
								<sfa:CountrySubentity>CALIFORNIA</sfa:CountrySubentity>
							</sfa:AddressFix>
						</sfa:Address>
						<sfa:BirthInfo xmlns:sfa="urn:oecd:ties:stffatcatypes:v2">
							<sfa:BirthDate>1964-08-20</sfa:BirthDate>
						</sfa:BirthInfo>
					</ftc:Individual>
				</ftc:AccountHolder>
				<ftc:AccountBalance currCode="USD">153741.38</ftc:AccountBalance>
				<ftc:Payment>
					<ftc:Type>FATCA502</ftc:Type>
					<ftc:PaymentAmnt currCode="USD">23.19</ftc:PaymentAmnt>
				</ftc:Payment>
			</ftc:AccountReport>
			<ftc:AccountReport>
				<ftc:DocSpec>
					<ftc:DocTypeIndic>FATCA1</ftc:DocTypeIndic>
					<ftc:DocRefId>1MMZME.00000.LE.320.0c4147b7-830d-49ad-adf4-efa2c22007f5</ftc:DocRefId>
				</ftc:DocSpec>
				<ftc:AccountNumber>100571339</ftc:AccountNumber>
				<ftc:AccountClosed>false</ftc:AccountClosed>
				<ftc:AccountHolder>
					<ftc:Individual>
						<sfa:ResCountryCode xmlns:sfa="urn:oecd:ties:stffatcatypes:v2">US</sfa:ResCountryCode>
						<sfa:TIN xmlns:sfa="urn:oecd:ties:stffatcatypes:v2" issuedBy="US">502781576</sfa:TIN>
						<sfa:Name xmlns:sfa="urn:oecd:ties:stffatcatypes:v2">
							<sfa:FirstName>ASTRID</sfa:FirstName>
							<sfa:LastName>BIANCHI</sfa:LastName>
						</sfa:Name>
						<sfa:Address xmlns:sfa="urn:oecd:ties:stffatcatypes:v2">
							<sfa:CountryCode>GT</sfa:CountryCode>
							<sfa:AddressFix>
								<sfa:Street>20 CALLE A COLONIA AURORA 2 ZONA 13</sfa:Street>
								<sfa:BuildingIdentifier>1037</sfa:BuildingIdentifier>
								<sfa:PostCode>1013</sfa:PostCode>
								<sfa:City>GUATEMALA</sfa:City>
								<sfa:CountrySubentity>GUATEMALA</sfa:CountrySubentity>
							</sfa:AddressFix>
						</sfa:Address>
						<sfa:BirthInfo xmlns:sfa="urn:oecd:ties:stffatcatypes:v2">
							<sfa:BirthDate>1953-12-12</sfa:BirthDate>
						</sfa:BirthInfo>
					</ftc:Individual>
				</ftc:AccountHolder>
				<ftc:AccountBalance currCode="USD">140538.8</ftc:AccountBalance>
				<ftc:Payment>
					<ftc:Type>FATCA502</ftc:Type>
					<ftc:PaymentAmnt currCode="USD">0.0</ftc:PaymentAmnt>
				</ftc:Payment>
			</ftc:AccountReport>
			<ftc:AccountReport>
				<ftc:DocSpec>
					<ftc:DocTypeIndic>FATCA1</ftc:DocTypeIndic>
					<ftc:DocRefId>1MMZME.00000.LE.320.34f18b7b-89f6-45e0-bf25-73065bdaf4e6</ftc:DocRefId>
				</ftc:DocSpec>
				<ftc:AccountNumber>641600325</ftc:AccountNumber>
				<ftc:AccountClosed>false</ftc:AccountClosed>
				<ftc:AccountHolder>
					<ftc:Individual>
						<sfa:ResCountryCode xmlns:sfa="urn:oecd:ties:stffatcatypes:v2">US</sfa:ResCountryCode>
						<sfa:TIN xmlns:sfa="urn:oecd:ties:stffatcatypes:v2" issuedBy="US">609145025</sfa:TIN>
						<sfa:Name xmlns:sfa="urn:oecd:ties:stffatcatypes:v2">
							<sfa:FirstName>ELMER</sfa:FirstName>
							<sfa:LastName>PORTILLO</sfa:LastName>
						</sfa:Name>
						<sfa:Address xmlns:sfa="urn:oecd:ties:stffatcatypes:v2">
							<sfa:CountryCode>GT</sfa:CountryCode>
							<sfa:AddressFix>
								<sfa:Street>COLONIA BETHANIA</sfa:Street>
								<sfa:BuildingIdentifier>0</sfa:BuildingIdentifier>
								<sfa:PostCode>18001</sfa:PostCode>
								<sfa:City>PUERTO BARRIOS, IZABAL</sfa:City>
								<sfa:CountrySubentity>GUATEMALA</sfa:CountrySubentity>
							</sfa:AddressFix>
						</sfa:Address>
						<sfa:BirthInfo xmlns:sfa="urn:oecd:ties:stffatcatypes:v2">
							<sfa:BirthDate>1963-06-12</sfa:BirthDate>
						</sfa:BirthInfo>
					</ftc:Individual>
				</ftc:AccountHolder>
				<ftc:AccountBalance currCode="USD">133474.46</ftc:AccountBalance>
				<ftc:Payment>
					<ftc:Type>FATCA502</ftc:Type>
					<ftc:PaymentAmnt currCode="USD">4.49</ftc:PaymentAmnt>
				</ftc:Payment>
			</ftc:AccountReport>
			<ftc:AccountReport>
				<ftc:DocSpec>
					<ftc:DocTypeIndic>FATCA1</ftc:DocTypeIndic>
					<ftc:DocRefId>1MMZME.00000.LE.320.99bb07da-4310-43bf-8b01-130282654215</ftc:DocRefId>
				</ftc:DocSpec>
				<ftc:AccountNumber>100161055</ftc:AccountNumber>
				<ftc:AccountClosed>false</ftc:AccountClosed>
				<ftc:AccountHolder>
					<ftc:Individual>
						<sfa:ResCountryCode xmlns:sfa="urn:oecd:ties:stffatcatypes:v2">US</sfa:ResCountryCode>
						<sfa:TIN xmlns:sfa="urn:oecd:ties:stffatcatypes:v2" issuedBy="US">595597675</sfa:TIN>
						<sfa:Name xmlns:sfa="urn:oecd:ties:stffatcatypes:v2">
							<sfa:FirstName>ORALIA</sfa:FirstName>
							<sfa:LastName>ALFARO</sfa:LastName>
						</sfa:Name>
						<sfa:Address xmlns:sfa="urn:oecd:ties:stffatcatypes:v2">
							<sfa:CountryCode>GT</sfa:CountryCode>
							<sfa:AddressFix>
								<sfa:Street>3 CALLE BARRIO LA BATALLA</sfa:Street>
								<sfa:BuildingIdentifier>0 035</sfa:BuildingIdentifier>
								<sfa:PostCode>9020</sfa:PostCode>
								<sfa:City>COATEPEQUE</sfa:City>
								<sfa:CountrySubentity>QUETZALTENANGO</sfa:CountrySubentity>
							</sfa:AddressFix>
						</sfa:Address>
						<sfa:BirthInfo xmlns:sfa="urn:oecd:ties:stffatcatypes:v2">
							<sfa:BirthDate>1947-11-14 00:00:00</sfa:BirthDate>
						</sfa:BirthInfo>
					</ftc:Individual>
				</ftc:AccountHolder>
				<ftc:AccountBalance currCode="USD">130951.96</ftc:AccountBalance>
				<ftc:Payment>
					<ftc:Type>FATCA502</ftc:Type>
					<ftc:PaymentAmnt currCode="USD">2.9</ftc:PaymentAmnt>
				</ftc:Payment>
			</ftc:AccountReport>
			<ftc:AccountReport>
				<ftc:DocSpec>
					<ftc:DocTypeIndic>FATCA1</ftc:DocTypeIndic>
					<ftc:DocRefId>1MMZME.00000.LE.320.b9360c29-4004-470e-937d-186d51d4458f</ftc:DocRefId>
				</ftc:DocSpec>
				<ftc:AccountNumber>100469469</ftc:AccountNumber>
				<ftc:AccountClosed>false</ftc:AccountClosed>
				<ftc:AccountHolder>
					<ftc:Individual>
						<sfa:ResCountryCode xmlns:sfa="urn:oecd:ties:stffatcatypes:v2">US</sfa:ResCountryCode>
						<sfa:TIN xmlns:sfa="urn:oecd:ties:stffatcatypes:v2" issuedBy="US">667667447</sfa:TIN>
						<sfa:Name xmlns:sfa="urn:oecd:ties:stffatcatypes:v2">
							<sfa:FirstName>CELESTE</sfa:FirstName>
							<sfa:LastName>MENA</sfa:LastName>
						</sfa:Name>
						<sfa:Address xmlns:sfa="urn:oecd:ties:stffatcatypes:v2">
							<sfa:CountryCode>US</sfa:CountryCode>
							<sfa:AddressFix>
								<sfa:Street>HAMLET LN</sfa:Street>
								<sfa:BuildingIdentifier>1625</sfa:BuildingIdentifier>
								<sfa:PostCode>97402</sfa:PostCode>
								<sfa:City>EUGENE</sfa:City>
								<sfa:CountrySubentity>OREGON</sfa:CountrySubentity>
							</sfa:AddressFix>
						</sfa:Address>
						<sfa:BirthInfo xmlns:sfa="urn:oecd:ties:stffatcatypes:v2">
							<sfa:BirthDate>1994-04-03</sfa:BirthDate>
						</sfa:BirthInfo>
					</ftc:Individual>
				</ftc:AccountHolder>
				<ftc:AccountBalance currCode="USD">129629.55</ftc:AccountBalance>
				<ftc:Payment>
					<ftc:Type>FATCA502</ftc:Type>
					<ftc:PaymentAmnt currCode="USD">5.02</ftc:PaymentAmnt>
				</ftc:Payment>
			</ftc:AccountReport>
			<ftc:AccountReport>
				<ftc:DocSpec>
					<ftc:DocTypeIndic>FATCA1</ftc:DocTypeIndic>
					<ftc:DocRefId>1MMZME.00000.LE.320.f0a95a26-fb17-4860-8dad-5b0abaa94573</ftc:DocRefId>
				</ftc:DocSpec>
				<ftc:AccountNumber>100625848</ftc:AccountNumber>
				<ftc:AccountClosed>false</ftc:AccountClosed>
				<ftc:AccountHolder>
					<ftc:Individual>
						<sfa:ResCountryCode xmlns:sfa="urn:oecd:ties:stffatcatypes:v2">US</sfa:ResCountryCode>
						<sfa:TIN xmlns:sfa="urn:oecd:ties:stffatcatypes:v2" issuedBy="US">146768908</sfa:TIN>
						<sfa:Name xmlns:sfa="urn:oecd:ties:stffatcatypes:v2">
							<sfa:FirstName>BRYAN</sfa:FirstName>
							<sfa:LastName>BOSCH</sfa:LastName>
						</sfa:Name>
						<sfa:Address xmlns:sfa="urn:oecd:ties:stffatcatypes:v2">
							<sfa:CountryCode>GT</sfa:CountryCode>
							<sfa:AddressFix>
								<sfa:Street>02 AVENIDA</sfa:Street>
								<sfa:BuildingIdentifier>02</sfa:BuildingIdentifier>
								<sfa:PostCode>4006</sfa:PostCode>
								<sfa:City>TECPAN GUATEMALA</sfa:City>
								<sfa:CountrySubentity>CHIMALTENANGO</sfa:CountrySubentity>
							</sfa:AddressFix>
						</sfa:Address>
						<sfa:BirthInfo xmlns:sfa="urn:oecd:ties:stffatcatypes:v2">
							<sfa:BirthDate>1980-05-17 00:00:00</sfa:BirthDate>
						</sfa:BirthInfo>
					</ftc:Individual>
				</ftc:AccountHolder>
				<ftc:AccountBalance currCode="USD">129295.41</ftc:AccountBalance>
				<ftc:Payment>
					<ftc:Type>FATCA502</ftc:Type>
					<ftc:PaymentAmnt currCode="USD">19.2</ftc:PaymentAmnt>
				</ftc:Payment>
			</ftc:AccountReport>
			<ftc:AccountReport>
				<ftc:DocSpec>
					<ftc:DocTypeIndic>FATCA1</ftc:DocTypeIndic>
					<ftc:DocRefId>1MMZME.00000.LE.320.d43c7960-5818-4a15-99cb-154c15e987c2</ftc:DocRefId>
				</ftc:DocSpec>
				<ftc:AccountNumber>943010036</ftc:AccountNumber>
				<ftc:AccountClosed>false</ftc:AccountClosed>
				<ftc:AccountHolder>
					<ftc:Individual>
						<sfa:ResCountryCode xmlns:sfa="urn:oecd:ties:stffatcatypes:v2">US</sfa:ResCountryCode>
						<sfa:TIN xmlns:sfa="urn:oecd:ties:stffatcatypes:v2" issuedBy="US">379930986</sfa:TIN>
						<sfa:Name xmlns:sfa="urn:oecd:ties:stffatcatypes:v2">
							<sfa:FirstName>ALVARO</sfa:FirstName>
							<sfa:LastName>ALARCON</sfa:LastName>
						</sfa:Name>
						<sfa:Address xmlns:sfa="urn:oecd:ties:stffatcatypes:v2">
							<sfa:CountryCode>US</sfa:CountryCode>
							<sfa:AddressFix>
								<sfa:Street>E 95TH ST</sfa:Street>
								<sfa:BuildingIdentifier>918</sfa:BuildingIdentifier>
								<sfa:PostCode>90002</sfa:PostCode>
								<sfa:City>LOS ANGELES</sfa:City>
								<sfa:CountrySubentity>CALIFORNIA</sfa:CountrySubentity>
							</sfa:AddressFix>
						</sfa:Address>
						<sfa:BirthInfo xmlns:sfa="urn:oecd:ties:stffatcatypes:v2">
							<sfa:BirthDate>1953-01-29</sfa:BirthDate>
						</sfa:BirthInfo>
					</ftc:Individual>
				</ftc:AccountHolder>
				<ftc:AccountBalance currCode="USD">128395.23</ftc:AccountBalance>
				<ftc:Payment>
					<ftc:Type>FATCA502</ftc:Type>
					<ftc:PaymentAmnt currCode="USD">0.28</ftc:PaymentAmnt>
				</ftc:Payment>
			</ftc:AccountReport>
			<ftc:AccountReport>
				<ftc:DocSpec>
					<ftc:DocTypeIndic>FATCA1</ftc:DocTypeIndic>
					<ftc:DocRefId>1MMZME.00000.LE.320.4054f2c3-328f-435b-b70e-8bbb5f4da57b</ftc:DocRefId>
				</ftc:DocSpec>
				<ftc:AccountNumber>100442922</ftc:AccountNumber>
				<ftc:AccountClosed>false</ftc:AccountClosed>
				<ftc:AccountHolder>
					<ftc:Individual>
						<sfa:ResCountryCode xmlns:sfa="urn:oecd:ties:stffatcatypes:v2">US</sfa:ResCountryCode>
						<sfa:TIN xmlns:sfa="urn:oecd:ties:stffatcatypes:v2" issuedBy="US">328545126</sfa:TIN>
						<sfa:Name xmlns:sfa="urn:oecd:ties:stffatcatypes:v2">
							<sfa:FirstName>DEBRA</sfa:FirstName>
							<sfa:LastName>LUGAR</sfa:LastName>
						</sfa:Name>
						<sfa:Address xmlns:sfa="urn:oecd:ties:stffatcatypes:v2">
							<sfa:CountryCode>GT</sfa:CountryCode>
							<sfa:AddressFix>
								<sfa:Street>1 CALLE B ZONA 3, COLONIA BRAN</sfa:Street>
								<sfa:BuildingIdentifier>3 19</sfa:BuildingIdentifier>
								<sfa:PostCode>1003</sfa:PostCode>
								<sfa:City>GUATEMALA</sfa:City>
								<sfa:CountrySubentity>GUATEMALA</sfa:CountrySubentity>
							</sfa:AddressFix>
						</sfa:Address>
						<sfa:BirthInfo xmlns:sfa="urn:oecd:ties:stffatcatypes:v2">
							<sfa:BirthDate>1961-07-03</sfa:BirthDate>
						</sfa:BirthInfo>
					</ftc:Individual>
				</ftc:AccountHolder>
				<ftc:AccountBalance currCode="USD">119128.78</ftc:AccountBalance>
				<ftc:Payment>
					<ftc:Type>FATCA502</ftc:Type>
					<ftc:PaymentAmnt currCode="USD">395.93</ftc:PaymentAmnt>
				</ftc:Payment>
			</ftc:AccountReport>
			<ftc:AccountReport>
				<ftc:DocSpec>
					<ftc:DocTypeIndic>FATCA1</ftc:DocTypeIndic>
					<ftc:DocRefId>1MMZME.00000.LE.320.e05d94b2-9c38-4228-8a44-614527ff9d72</ftc:DocRefId>
				</ftc:DocSpec>
				<ftc:AccountNumber>100508142</ftc:AccountNumber>
				<ftc:AccountClosed>false</ftc:AccountClosed>
				<ftc:AccountHolder>
					<ftc:Individual>
						<sfa:ResCountryCode xmlns:sfa="urn:oecd:ties:stffatcatypes:v2">US</sfa:ResCountryCode>
						<sfa:TIN xmlns:sfa="urn:oecd:ties:stffatcatypes:v2" issuedBy="US">550899138</sfa:TIN>
						<sfa:Name xmlns:sfa="urn:oecd:ties:stffatcatypes:v2">
							<sfa:FirstName>JUAN</sfa:FirstName>
							<sfa:LastName>MEXICANOS</sfa:LastName>
						</sfa:Name>
						<sfa:Address xmlns:sfa="urn:oecd:ties:stffatcatypes:v2">
							<sfa:CountryCode>GT</sfa:CountryCode>
							<sfa:AddressFix>
								<sfa:Street>19 CALLE</sfa:Street>
								<sfa:BuildingIdentifier>0 74</sfa:BuildingIdentifier>
								<sfa:PostCode>21000</sfa:PostCode>
								<sfa:City>JALAPA</sfa:City>
								<sfa:CountrySubentity>JALAPA</sfa:CountrySubentity>
							</sfa:AddressFix>
						</sfa:Address>
						<sfa:BirthInfo xmlns:sfa="urn:oecd:ties:stffatcatypes:v2">
							<sfa:BirthDate>1986-01-03</sfa:BirthDate>
						</sfa:BirthInfo>
					</ftc:Individual>
				</ftc:AccountHolder>
				<ftc:AccountBalance currCode="USD">111490.21</ftc:AccountBalance>
				<ftc:Payment>
					<ftc:Type>FATCA502</ftc:Type>
					<ftc:PaymentAmnt currCode="USD">3442.87</ftc:PaymentAmnt>
				</ftc:Payment>
			</ftc:AccountReport>
			<ftc:AccountReport>
				<ftc:DocSpec>
					<ftc:DocTypeIndic>FATCA1</ftc:DocTypeIndic>
					<ftc:DocRefId>1MMZME.00000.LE.320.a83d5911-cc3b-41df-9f2c-eb9c24a45f00</ftc:DocRefId>
				</ftc:DocSpec>
				<ftc:AccountNumber>100845333</ftc:AccountNumber>
				<ftc:AccountClosed>false</ftc:AccountClosed>
				<ftc:AccountHolder>
					<ftc:Individual>
						<sfa:ResCountryCode xmlns:sfa="urn:oecd:ties:stffatcatypes:v2">US</sfa:ResCountryCode>
						<sfa:TIN xmlns:sfa="urn:oecd:ties:stffatcatypes:v2" issuedBy="US">550969782</sfa:TIN>
						<sfa:Name xmlns:sfa="urn:oecd:ties:stffatcatypes:v2">
							<sfa:FirstName>WALTER</sfa:FirstName>
							<sfa:LastName>MILLER</sfa:LastName>
						</sfa:Name>
						<sfa:Address xmlns:sfa="urn:oecd:ties:stffatcatypes:v2">
							<sfa:CountryCode>GT</sfa:CountryCode>
							<sfa:AddressFix>
								<sfa:Street>E 16 ST</sfa:Street>
								<sfa:BuildingIdentifier>5606</sfa:BuildingIdentifier>
								<sfa:PostCode>94621</sfa:PostCode>
								<sfa:City>OAKLAND</sfa:City>
								<sfa:CountrySubentity>CALIFORNIA</sfa:CountrySubentity>
							</sfa:AddressFix>
						</sfa:Address>
						<sfa:BirthInfo xmlns:sfa="urn:oecd:ties:stffatcatypes:v2">
							<sfa:BirthDate>1949-01-06</sfa:BirthDate>
						</sfa:BirthInfo>
					</ftc:Individual>
				</ftc:AccountHolder>
				<ftc:AccountBalance currCode="USD">111973.89</ftc:AccountBalance>
				<ftc:Payment>
					<ftc:Type>FATCA502</ftc:Type>
					<ftc:PaymentAmnt currCode="USD">11.15</ftc:PaymentAmnt>
				</ftc:Payment>
			</ftc:AccountReport>
			<ftc:AccountReport>
				<ftc:DocSpec>
					<ftc:DocTypeIndic>FATCA1</ftc:DocTypeIndic>
					<ftc:DocRefId>1MMZME.00000.LE.320.0777898c-9c15-4c85-b495-405aced8f07a</ftc:DocRefId>
				</ftc:DocSpec>
				<ftc:AccountNumber>741010008</ftc:AccountNumber>
				<ftc:AccountClosed>false</ftc:AccountClosed>
				<ftc:AccountHolder>
					<ftc:Individual>
						<sfa:ResCountryCode xmlns:sfa="urn:oecd:ties:stffatcatypes:v2">US</sfa:ResCountryCode>
						<sfa:TIN xmlns:sfa="urn:oecd:ties:stffatcatypes:v2" issuedBy="US">618306721</sfa:TIN>
						<sfa:Name xmlns:sfa="urn:oecd:ties:stffatcatypes:v2">
							<sfa:FirstName>JOSE</sfa:FirstName>
							<sfa:LastName>ALVAREZ</sfa:LastName>
						</sfa:Name>
						<sfa:Address xmlns:sfa="urn:oecd:ties:stffatcatypes:v2">
							<sfa:CountryCode>US</sfa:CountryCode>
							<sfa:AddressFix>
								<sfa:Street>TOBERMAN ST.</sfa:Street>
								<sfa:BuildingIdentifier>1432</sfa:BuildingIdentifier>
								<sfa:PostCode>90015</sfa:PostCode>
								<sfa:City>LOS ANGELES</sfa:City>
								<sfa:CountrySubentity>CALIFORNIA</sfa:CountrySubentity>
							</sfa:AddressFix>
						</sfa:Address>
						<sfa:BirthInfo xmlns:sfa="urn:oecd:ties:stffatcatypes:v2">
							<sfa:BirthDate>1953-09-27</sfa:BirthDate>
						</sfa:BirthInfo>
					</ftc:Individual>
				</ftc:AccountHolder>
				<ftc:AccountBalance currCode="USD">108615.76</ftc:AccountBalance>
				<ftc:Payment>
					<ftc:Type>FATCA502</ftc:Type>
					<ftc:PaymentAmnt currCode="USD">249.97</ftc:PaymentAmnt>
				</ftc:Payment>
			</ftc:AccountReport>
			<ftc:AccountReport>
				<ftc:DocSpec>
					<ftc:DocTypeIndic>FATCA1</ftc:DocTypeIndic>
					<ftc:DocRefId>1MMZME.00000.LE.320.a37f3607-2aa0-4b5b-9ec9-314c304e45e1</ftc:DocRefId>
				</ftc:DocSpec>
				<ftc:AccountNumber>100556436</ftc:AccountNumber>
				<ftc:AccountClosed>false</ftc:AccountClosed>
				<ftc:AccountHolder>
					<ftc:Individual>
						<sfa:ResCountryCode xmlns:sfa="urn:oecd:ties:stffatcatypes:v2">US</sfa:ResCountryCode>
						<sfa:TIN xmlns:sfa="urn:oecd:ties:stffatcatypes:v2" issuedBy="US">570787402</sfa:TIN>
						<sfa:Name xmlns:sfa="urn:oecd:ties:stffatcatypes:v2">
							<sfa:FirstName>WIL</sfa:FirstName>
							<sfa:LastName>ROSALES</sfa:LastName>
						</sfa:Name>
						<sfa:Address xmlns:sfa="urn:oecd:ties:stffatcatypes:v2">
							<sfa:CountryCode>US</sfa:CountryCode>
							<sfa:AddressFix>
								<sfa:Street>BRAUNFIELD LN PHILLIPS</sfa:Street>
								<sfa:BuildingIdentifier>12</sfa:BuildingIdentifier>
								<sfa:PostCode>91766</sfa:PostCode>
								<sfa:City>CALIFORNIA</sfa:City>
								<sfa:CountrySubentity>ESTADOS UNIDOS</sfa:CountrySubentity>
							</sfa:AddressFix>
						</sfa:Address>
						<sfa:BirthInfo xmlns:sfa="urn:oecd:ties:stffatcatypes:v2">
							<sfa:BirthDate>1944-07-07</sfa:BirthDate>
						</sfa:BirthInfo>
					</ftc:Individual>
				</ftc:AccountHolder>
				<ftc:AccountBalance currCode="USD">103657.53</ftc:AccountBalance>
				<ftc:Payment>
					<ftc:Type>FATCA502</ftc:Type>
					<ftc:PaymentAmnt currCode="USD">3877.11</ftc:PaymentAmnt>
				</ftc:Payment>
			</ftc:AccountReport>
			<ftc:AccountReport>
				<ftc:DocSpec>
					<ftc:DocTypeIndic>FATCA1</ftc:DocTypeIndic>
					<ftc:DocRefId>1MMZME.00000.LE.320.231f1b43-0dd7-49dd-8f81-1f1bce58ae2f</ftc:DocRefId>
				</ftc:DocSpec>
				<ftc:AccountNumber>101075249</ftc:AccountNumber>
				<ftc:AccountClosed>false</ftc:AccountClosed>
				<ftc:AccountHolder>
					<ftc:Individual>
						<sfa:ResCountryCode xmlns:sfa="urn:oecd:ties:stffatcatypes:v2">US</sfa:ResCountryCode>
						<sfa:TIN xmlns:sfa="urn:oecd:ties:stffatcatypes:v2" issuedBy="US">610343163</sfa:TIN>
						<sfa:Name xmlns:sfa="urn:oecd:ties:stffatcatypes:v2">
							<sfa:FirstName>DORIS</sfa:FirstName>
							<sfa:LastName>CARDENAS</sfa:LastName>
						</sfa:Name>
						<sfa:Address xmlns:sfa="urn:oecd:ties:stffatcatypes:v2">
							<sfa:CountryCode>US</sfa:CountryCode>
							<sfa:AddressFix>
								<sfa:Street>LONGSTREET LANE FONTANA</sfa:Street>
								<sfa:BuildingIdentifier>7461</sfa:BuildingIdentifier>
								<sfa:PostCode>92336</sfa:PostCode>
								<sfa:City>SAN BERNARDINO</sfa:City>
								<sfa:CountrySubentity>CALIFORNIA</sfa:CountrySubentity>
							</sfa:AddressFix>
						</sfa:Address>
						<sfa:BirthInfo xmlns:sfa="urn:oecd:ties:stffatcatypes:v2">
							<sfa:BirthDate>1988-07-22</sfa:BirthDate>
						</sfa:BirthInfo>
					</ftc:Individual>
				</ftc:AccountHolder>
				<ftc:AccountBalance currCode="USD">102870.6</ftc:AccountBalance>
				<ftc:Payment>
					<ftc:Type>FATCA502</ftc:Type>
					<ftc:PaymentAmnt currCode="USD">4268.03</ftc:PaymentAmnt>
				</ftc:Payment>
			</ftc:AccountReport>
			<ftc:AccountReport>
				<ftc:DocSpec>
					<ftc:DocTypeIndic>FATCA1</ftc:DocTypeIndic>
					<ftc:DocRefId>1MMZME.00000.LE.320.34571e3d-f966-47cd-9c4e-686e5a6eca7a</ftc:DocRefId>
				</ftc:DocSpec>
				<ftc:AccountNumber>100407207</ftc:AccountNumber>
				<ftc:AccountClosed>false</ftc:AccountClosed>
				<ftc:AccountHolder>
					<ftc:Individual>
						<sfa:ResCountryCode xmlns:sfa="urn:oecd:ties:stffatcatypes:v2">US</sfa:ResCountryCode>
						<sfa:TIN xmlns:sfa="urn:oecd:ties:stffatcatypes:v2" issuedBy="US">471021345</sfa:TIN>
						<sfa:Name xmlns:sfa="urn:oecd:ties:stffatcatypes:v2">
							<sfa:FirstName>RICHARD</sfa:FirstName>
							<sfa:LastName>ANDERSON</sfa:LastName>
						</sfa:Name>
						<sfa:Address xmlns:sfa="urn:oecd:ties:stffatcatypes:v2">
							<sfa:CountryCode>GT</sfa:CountryCode>
							<sfa:AddressFix>
								<sfa:Street>16TH AVE. SE</sfa:Street>
								<sfa:BuildingIdentifier>629</sfa:BuildingIdentifier>
								<sfa:PostCode>56304</sfa:PostCode>
								<sfa:City>ST. CLOUD MN</sfa:City>
								<sfa:CountrySubentity>MINNESOTA</sfa:CountrySubentity>
							</sfa:AddressFix>
						</sfa:Address>
						<sfa:BirthInfo xmlns:sfa="urn:oecd:ties:stffatcatypes:v2">
							<sfa:BirthDate>1976-08-17</sfa:BirthDate>
						</sfa:BirthInfo>
					</ftc:Individual>
				</ftc:AccountHolder>
				<ftc:AccountBalance currCode="USD">104896.6</ftc:AccountBalance>
				<ftc:Payment>
					<ftc:Type>FATCA502</ftc:Type>
					<ftc:PaymentAmnt currCode="USD">1744.75</ftc:PaymentAmnt>
				</ftc:Payment>
			</ftc:AccountReport>
			<ftc:AccountReport>
				<ftc:DocSpec>
					<ftc:DocTypeIndic>FATCA1</ftc:DocTypeIndic>
					<ftc:DocRefId>1MMZME.00000.LE.320.5c76de71-003a-47d7-be5e-99238e9e8dfd</ftc:DocRefId>
				</ftc:DocSpec>
				<ftc:AccountNumber>100474687</ftc:AccountNumber>
				<ftc:AccountClosed>false</ftc:AccountClosed>
				<ftc:AccountHolder>
					<ftc:Individual>
						<sfa:ResCountryCode xmlns:sfa="urn:oecd:ties:stffatcatypes:v2">US</sfa:ResCountryCode>
						<sfa:TIN xmlns:sfa="urn:oecd:ties:stffatcatypes:v2" issuedBy="US">608147133</sfa:TIN>
						<sfa:Name xmlns:sfa="urn:oecd:ties:stffatcatypes:v2">
							<sfa:FirstName>MIGUEL</sfa:FirstName>
							<sfa:LastName>GIRON</sfa:LastName>
						</sfa:Name>
						<sfa:Address xmlns:sfa="urn:oecd:ties:stffatcatypes:v2">
							<sfa:CountryCode>US</sfa:CountryCode>
							<sfa:AddressFix>
								<sfa:Street>BRIDGEWOOD WAY</sfa:Street>
								<sfa:BuildingIdentifier>91</sfa:BuildingIdentifier>
								<sfa:PostCode>94089</sfa:PostCode>
								<sfa:City>SUNNYVALE</sfa:City>
								<sfa:CountrySubentity>CALIFORNIA</sfa:CountrySubentity>
							</sfa:AddressFix>
						</sfa:Address>
						<sfa:BirthInfo xmlns:sfa="urn:oecd:ties:stffatcatypes:v2">
							<sfa:BirthDate>1963-04-26</sfa:BirthDate>
						</sfa:BirthInfo>
					</ftc:Individual>
				</ftc:AccountHolder>
				<ftc:AccountBalance currCode="USD">103270.03</ftc:AccountBalance>
				<ftc:Payment>
					<ftc:Type>FATCA502</ftc:Type>
					<ftc:PaymentAmnt currCode="USD">10.38</ftc:PaymentAmnt>
				</ftc:Payment>
			</ftc:AccountReport>
			<ftc:AccountReport>
				<ftc:DocSpec>
					<ftc:DocTypeIndic>FATCA1</ftc:DocTypeIndic>
					<ftc:DocRefId>1MMZME.00000.LE.320.32a9bfb4-503c-4e53-b692-533421ebe6a9</ftc:DocRefId>
				</ftc:DocSpec>
				<ftc:AccountNumber>100403200</ftc:AccountNumber>
				<ftc:AccountClosed>false</ftc:AccountClosed>
				<ftc:AccountHolder>
					<ftc:Individual>
						<sfa:ResCountryCode xmlns:sfa="urn:oecd:ties:stffatcatypes:v2">US</sfa:ResCountryCode>
						<sfa:TIN xmlns:sfa="urn:oecd:ties:stffatcatypes:v2" issuedBy="US">608607018</sfa:TIN>
						<sfa:Name xmlns:sfa="urn:oecd:ties:stffatcatypes:v2">
							<sfa:FirstName>JOSE</sfa:FirstName>
							<sfa:LastName>GONZALEZ</sfa:LastName>
						</sfa:Name>
						<sfa:Address xmlns:sfa="urn:oecd:ties:stffatcatypes:v2">
							<sfa:CountryCode>GT</sfa:CountryCode>
							<sfa:AddressFix>
								<sfa:Street>HAIT ST.</sfa:Street>
								<sfa:BuildingIdentifier>13717</sfa:BuildingIdentifier>
								<sfa:PostCode>91405</sfa:PostCode>
								<sfa:City>VAN NUYS</sfa:City>
								<sfa:CountrySubentity>CALIFORNIA</sfa:CountrySubentity>
							</sfa:AddressFix>
						</sfa:Address>
						<sfa:BirthInfo xmlns:sfa="urn:oecd:ties:stffatcatypes:v2">
							<sfa:BirthDate>1961-01-29</sfa:BirthDate>
						</sfa:BirthInfo>
					</ftc:Individual>
				</ftc:AccountHolder>
				<ftc:AccountBalance currCode="USD">101046.92</ftc:AccountBalance>
				<ftc:Payment>
					<ftc:Type>FATCA502</ftc:Type>
					<ftc:PaymentAmnt currCode="USD">352.44</ftc:PaymentAmnt>
				</ftc:Payment>
			</ftc:AccountReport>
			<ftc:AccountReport>
				<ftc:DocSpec>
					<ftc:DocTypeIndic>FATCA1</ftc:DocTypeIndic>
					<ftc:DocRefId>1MMZME.00000.LE.320.c2eb6177-2252-4bd4-8b1e-7be38efed02b</ftc:DocRefId>
				</ftc:DocSpec>
				<ftc:AccountNumber>101098580</ftc:AccountNumber>
				<ftc:AccountClosed>false</ftc:AccountClosed>
				<ftc:AccountHolder>
					<ftc:Individual>
						<sfa:ResCountryCode xmlns:sfa="urn:oecd:ties:stffatcatypes:v2">US</sfa:ResCountryCode>
						<sfa:TIN xmlns:sfa="urn:oecd:ties:stffatcatypes:v2" issuedBy="US">35620111</sfa:TIN>
						<sfa:Name xmlns:sfa="urn:oecd:ties:stffatcatypes:v2">
							<sfa:FirstName>ISRAEL</sfa:FirstName>
							<sfa:LastName>ORELLANA</sfa:LastName>
						</sfa:Name>
						<sfa:Address xmlns:sfa="urn:oecd:ties:stffatcatypes:v2">
							<sfa:CountryCode>US</sfa:CountryCode>
							<sfa:AddressFix>
								<sfa:Street>W. KEMPER RA CINCINATI</sfa:Street>
								<sfa:BuildingIdentifier>1816</sfa:BuildingIdentifier>
								<sfa:PostCode>45240</sfa:PostCode>
								<sfa:City>FOREST PARK</sfa:City>
								<sfa:CountrySubentity>OHIO</sfa:CountrySubentity>
							</sfa:AddressFix>
						</sfa:Address>
						<sfa:BirthInfo xmlns:sfa="urn:oecd:ties:stffatcatypes:v2">
							<sfa:BirthDate>1968-11-09</sfa:BirthDate>
						</sfa:BirthInfo>
					</ftc:Individual>
				</ftc:AccountHolder>
				<ftc:AccountBalance currCode="USD">101112.29</ftc:AccountBalance>
				<ftc:Payment>
					<ftc:Type>FATCA502</ftc:Type>
					<ftc:PaymentAmnt currCode="USD">15.81</ftc:PaymentAmnt>
				</ftc:Payment>
			</ftc:AccountReport>
			<ftc:AccountReport>
				<ftc:DocSpec>
					<ftc:DocTypeIndic>FATCA1</ftc:DocTypeIndic>
					<ftc:DocRefId>1MMZME.00000.LE.320.6637ddd7-6122-4630-bcbd-d25a474c09ab</ftc:DocRefId>
				</ftc:DocSpec>
				<ftc:AccountNumber>100972651</ftc:AccountNumber>
				<ftc:AccountClosed>false</ftc:AccountClosed>
				<ftc:AccountHolder>
					<ftc:Individual>
						<sfa:ResCountryCode xmlns:sfa="urn:oecd:ties:stffatcatypes:v2">US</sfa:ResCountryCode>
						<sfa:TIN xmlns:sfa="urn:oecd:ties:stffatcatypes:v2" issuedBy="US">213065780</sfa:TIN>
						<sfa:Name xmlns:sfa="urn:oecd:ties:stffatcatypes:v2">
							<sfa:FirstName>PATRICIA</sfa:FirstName>
							<sfa:LastName>SARTI</sfa:LastName>
						</sfa:Name>
						<sfa:Address xmlns:sfa="urn:oecd:ties:stffatcatypes:v2">
							<sfa:CountryCode>GT</sfa:CountryCode>
							<sfa:AddressFix>
								<sfa:Street>04 AV. ZONA 8 COBAN ALTA VERAPAZ</sfa:Street>
								<sfa:BuildingIdentifier>4 40</sfa:BuildingIdentifier>
								<sfa:PostCode>16001</sfa:PostCode>
								<sfa:City>ALTA VERAPAZ</sfa:City>
								<sfa:CountrySubentity>ALTA VERAPAZ</sfa:CountrySubentity>
							</sfa:AddressFix>
						</sfa:Address>
						<sfa:BirthInfo xmlns:sfa="urn:oecd:ties:stffatcatypes:v2">
							<sfa:BirthDate>1966-10-28</sfa:BirthDate>
						</sfa:BirthInfo>
					</ftc:Individual>
				</ftc:AccountHolder>
				<ftc:AccountBalance currCode="USD">94167.48</ftc:AccountBalance>
				<ftc:Payment>
					<ftc:Type>FATCA502</ftc:Type>
					<ftc:PaymentAmnt currCode="USD">24.43</ftc:PaymentAmnt>
				</ftc:Payment>
			</ftc:AccountReport>
			<ftc:AccountReport>
				<ftc:DocSpec>
					<ftc:DocTypeIndic>FATCA1</ftc:DocTypeIndic>
					<ftc:DocRefId>1MMZME.00000.LE.320.63f48f99-6a35-4380-b35a-a5851ea71d0b</ftc:DocRefId>
				</ftc:DocSpec>
				<ftc:AccountNumber>100272306</ftc:AccountNumber>
				<ftc:AccountClosed>false</ftc:AccountClosed>
				<ftc:AccountHolder>
					<ftc:Individual>
						<sfa:ResCountryCode xmlns:sfa="urn:oecd:ties:stffatcatypes:v2">US</sfa:ResCountryCode>
						<sfa:TIN xmlns:sfa="urn:oecd:ties:stffatcatypes:v2" issuedBy="US">625168731</sfa:TIN>
						<sfa:Name xmlns:sfa="urn:oecd:ties:stffatcatypes:v2">
							<sfa:FirstName>RUTH</sfa:FirstName>
							<sfa:LastName>MEJIA</sfa:LastName>
						</sfa:Name>
						<sfa:Address xmlns:sfa="urn:oecd:ties:stffatcatypes:v2">
							<sfa:CountryCode>US</sfa:CountryCode>
							<sfa:AddressFix>
								<sfa:Street>VEGAS VALLEY DR. 383</sfa:Street>
								<sfa:BuildingIdentifier>145</sfa:BuildingIdentifier>
								<sfa:PostCode>89169</sfa:PostCode>
								<sfa:City>LAS VEGAS</sfa:City>
								<sfa:CountrySubentity>NEVADA</sfa:CountrySubentity>
							</sfa:AddressFix>
						</sfa:Address>
						<sfa:BirthInfo xmlns:sfa="urn:oecd:ties:stffatcatypes:v2">
							<sfa:BirthDate>1953-01-05</sfa:BirthDate>
						</sfa:BirthInfo>
					</ftc:Individual>
				</ftc:AccountHolder>
				<ftc:AccountBalance currCode="USD">89617.29</ftc:AccountBalance>
				<ftc:Payment>
					<ftc:Type>FATCA502</ftc:Type>
					<ftc:PaymentAmnt currCode="USD">13.29</ftc:PaymentAmnt>
				</ftc:Payment>
			</ftc:AccountReport>
			<ftc:AccountReport>
				<ftc:DocSpec>
					<ftc:DocTypeIndic>FATCA1</ftc:DocTypeIndic>
					<ftc:DocRefId>1MMZME.00000.LE.320.efacae90-32fb-4021-9896-3b17dbadc417</ftc:DocRefId>
				</ftc:DocSpec>
				<ftc:AccountNumber>743040007</ftc:AccountNumber>
				<ftc:AccountClosed>false</ftc:AccountClosed>
				<ftc:AccountHolder>
					<ftc:Individual>
						<sfa:ResCountryCode xmlns:sfa="urn:oecd:ties:stffatcatypes:v2">US</sfa:ResCountryCode>
						<sfa:TIN xmlns:sfa="urn:oecd:ties:stffatcatypes:v2" issuedBy="US">796016367</sfa:TIN>
						<sfa:Name xmlns:sfa="urn:oecd:ties:stffatcatypes:v2">
							<sfa:FirstName>MARIA</sfa:FirstName>
							<sfa:LastName>DUARTE</sfa:LastName>
						</sfa:Name>
						<sfa:Address xmlns:sfa="urn:oecd:ties:stffatcatypes:v2">
							<sfa:CountryCode>US</sfa:CountryCode>
							<sfa:AddressFix>
								<sfa:Street>SILVER SPRINGS LN</sfa:Street>
								<sfa:BuildingIdentifier>4184</sfa:BuildingIdentifier>
								<sfa:PostCode>43230</sfa:PostCode>
								<sfa:City>GAHANNA</sfa:City>
								<sfa:CountrySubentity>OHIO</sfa:CountrySubentity>
							</sfa:AddressFix>
						</sfa:Address>
						<sfa:BirthInfo xmlns:sfa="urn:oecd:ties:stffatcatypes:v2">
							<sfa:BirthDate>1959-11-08</sfa:BirthDate>
						</sfa:BirthInfo>
					</ftc:Individual>
				</ftc:AccountHolder>
				<ftc:AccountBalance currCode="USD">87294.06</ftc:AccountBalance>
				<ftc:Payment>
					<ftc:Type>FATCA502</ftc:Type>
					<ftc:PaymentAmnt currCode="USD">194.08</ftc:PaymentAmnt>
				</ftc:Payment>
			</ftc:AccountReport>
			<ftc:AccountReport>
				<ftc:DocSpec>
					<ftc:DocTypeIndic>FATCA1</ftc:DocTypeIndic>
					<ftc:DocRefId>1MMZME.00000.LE.320.5fc1f3f3-ffb2-4272-903d-771894f1201d</ftc:DocRefId>
				</ftc:DocSpec>
				<ftc:AccountNumber>100635894</ftc:AccountNumber>
				<ftc:AccountClosed>false</ftc:AccountClosed>
				<ftc:AccountHolder>
					<ftc:Individual>
						<sfa:ResCountryCode xmlns:sfa="urn:oecd:ties:stffatcatypes:v2">US</sfa:ResCountryCode>
						<sfa:TIN xmlns:sfa="urn:oecd:ties:stffatcatypes:v2" issuedBy="US">545596045</sfa:TIN>
						<sfa:Name xmlns:sfa="urn:oecd:ties:stffatcatypes:v2">
							<sfa:FirstName>ANCELMO</sfa:FirstName>
							<sfa:LastName>HERNANDEZ</sfa:LastName>
						</sfa:Name>
						<sfa:Address xmlns:sfa="urn:oecd:ties:stffatcatypes:v2">
							<sfa:CountryCode>US</sfa:CountryCode>
							<sfa:AddressFix>
								<sfa:Street>TWN SPRINGS R.D.</sfa:Street>
								<sfa:BuildingIdentifier>377</sfa:BuildingIdentifier>
								<sfa:PostCode>78633</sfa:PostCode>
								<sfa:City>GEORGETOWN</sfa:City>
								<sfa:CountrySubentity>TEXAS</sfa:CountrySubentity>
							</sfa:AddressFix>
						</sfa:Address>
						<sfa:BirthInfo xmlns:sfa="urn:oecd:ties:stffatcatypes:v2">
							<sfa:BirthDate>1955-04-21</sfa:BirthDate>
						</sfa:BirthInfo>
					</ftc:Individual>
				</ftc:AccountHolder>
				<ftc:AccountBalance currCode="USD">83708.7</ftc:AccountBalance>
				<ftc:Payment>
					<ftc:Type>FATCA502</ftc:Type>
					<ftc:PaymentAmnt currCode="USD">121.99</ftc:PaymentAmnt>
				</ftc:Payment>
			</ftc:AccountReport>
			<ftc:AccountReport>
				<ftc:DocSpec>
					<ftc:DocTypeIndic>FATCA1</ftc:DocTypeIndic>
					<ftc:DocRefId>1MMZME.00000.LE.320.ebbbb0a8-897b-4d26-863d-a8e435045f0b</ftc:DocRefId>
				</ftc:DocSpec>
				<ftc:AccountNumber>100475443</ftc:AccountNumber>
				<ftc:AccountClosed>false</ftc:AccountClosed>
				<ftc:AccountHolder>
					<ftc:Individual>
						<sfa:ResCountryCode xmlns:sfa="urn:oecd:ties:stffatcatypes:v2">US</sfa:ResCountryCode>
						<sfa:TIN xmlns:sfa="urn:oecd:ties:stffatcatypes:v2" issuedBy="US">52701857</sfa:TIN>
						<sfa:Name xmlns:sfa="urn:oecd:ties:stffatcatypes:v2">
							<sfa:FirstName>MICHELLE</sfa:FirstName>
							<sfa:LastName>PNSKER</sfa:LastName>
						</sfa:Name>
						<sfa:Address xmlns:sfa="urn:oecd:ties:stffatcatypes:v2">
							<sfa:CountryCode>GT</sfa:CountryCode>
							<sfa:AddressFix>
								<sfa:Street>20 CALLE ZONA 10</sfa:Street>
								<sfa:BuildingIdentifier>13 19</sfa:BuildingIdentifier>
								<sfa:PostCode>1010</sfa:PostCode>
								<sfa:City>GUATEMALA</sfa:City>
								<sfa:CountrySubentity>GUATEMALA</sfa:CountrySubentity>
							</sfa:AddressFix>
						</sfa:Address>
						<sfa:BirthInfo xmlns:sfa="urn:oecd:ties:stffatcatypes:v2">
							<sfa:BirthDate>1963-02-02 00:00:00</sfa:BirthDate>
						</sfa:BirthInfo>
					</ftc:Individual>
				</ftc:AccountHolder>
				<ftc:AccountBalance currCode="USD">83746.39</ftc:AccountBalance>
				<ftc:Payment>
					<ftc:Type>FATCA502</ftc:Type>
					<ftc:PaymentAmnt currCode="USD">10.32</ftc:PaymentAmnt>
				</ftc:Payment>
			</ftc:AccountReport>
			<ftc:AccountReport>
				<ftc:DocSpec>
					<ftc:DocTypeIndic>FATCA1</ftc:DocTypeIndic>
					<ftc:DocRefId>1MMZME.00000.LE.320.3c0d00e0-2ab0-4fb9-a2e6-4b3daa71524f</ftc:DocRefId>
				</ftc:DocSpec>
				<ftc:AccountNumber>100413681</ftc:AccountNumber>
				<ftc:AccountClosed>false</ftc:AccountClosed>
				<ftc:AccountHolder>
					<ftc:Individual>
						<sfa:ResCountryCode xmlns:sfa="urn:oecd:ties:stffatcatypes:v2">US</sfa:ResCountryCode>
						<sfa:TIN xmlns:sfa="urn:oecd:ties:stffatcatypes:v2" issuedBy="US">348468868</sfa:TIN>
						<sfa:Name xmlns:sfa="urn:oecd:ties:stffatcatypes:v2">
							<sfa:FirstName>DEREK</sfa:FirstName>
							<sfa:LastName>LAVANHAR</sfa:LastName>
						</sfa:Name>
						<sfa:Address xmlns:sfa="urn:oecd:ties:stffatcatypes:v2">
							<sfa:CountryCode>GT</sfa:CountryCode>
							<sfa:AddressFix>
								<sfa:Street>LOTIFICACION SANTO TOMAS</sfa:Street>
								<sfa:BuildingIdentifier>36</sfa:BuildingIdentifier>
								<sfa:PostCode>14006</sfa:PostCode>
								<sfa:City>CHICHICASTENANGO, QUICHE</sfa:City>
								<sfa:CountrySubentity>GUATEMALA</sfa:CountrySubentity>
							</sfa:AddressFix>
						</sfa:Address>
						<sfa:BirthInfo xmlns:sfa="urn:oecd:ties:stffatcatypes:v2">
							<sfa:BirthDate>1966-01-05</sfa:BirthDate>
						</sfa:BirthInfo>
					</ftc:Individual>
				</ftc:AccountHolder>
				<ftc:AccountBalance currCode="USD">80383.24</ftc:AccountBalance>
				<ftc:Payment>
					<ftc:Type>FATCA502</ftc:Type>
					<ftc:PaymentAmnt currCode="USD">1567.82</ftc:PaymentAmnt>
				</ftc:Payment>
			</ftc:AccountReport>
			<ftc:AccountReport>
				<ftc:DocSpec>
					<ftc:DocTypeIndic>FATCA1</ftc:DocTypeIndic>
					<ftc:DocRefId>1MMZME.00000.LE.320.2ef7fc07-ecbd-4399-a865-490be06717b0</ftc:DocRefId>
				</ftc:DocSpec>
				<ftc:AccountNumber>100785389</ftc:AccountNumber>
				<ftc:AccountClosed>false</ftc:AccountClosed>
				<ftc:AccountHolder>
					<ftc:Individual>
						<sfa:ResCountryCode xmlns:sfa="urn:oecd:ties:stffatcatypes:v2">US</sfa:ResCountryCode>
						<sfa:TIN xmlns:sfa="urn:oecd:ties:stffatcatypes:v2" issuedBy="US">433311141</sfa:TIN>
						<sfa:Name xmlns:sfa="urn:oecd:ties:stffatcatypes:v2">
							<sfa:FirstName>RODOLFO</sfa:FirstName>
							<sfa:LastName>VALLADARES</sfa:LastName>
						</sfa:Name>
						<sfa:Address xmlns:sfa="urn:oecd:ties:stffatcatypes:v2">
							<sfa:CountryCode>GT</sfa:CountryCode>
							<sfa:AddressFix>
								<sfa:Street>12 CALLE APARTAMENTO 5 E EDIFICIO SANTA MARIA ZONA 10</sfa:Street>
								<sfa:BuildingIdentifier>6 36</sfa:BuildingIdentifier>
								<sfa:PostCode>1010</sfa:PostCode>
								<sfa:City>GUATEMALA</sfa:City>
								<sfa:CountrySubentity>GUATEMALA</sfa:CountrySubentity>
							</sfa:AddressFix>
						</sfa:Address>
						<sfa:BirthInfo xmlns:sfa="urn:oecd:ties:stffatcatypes:v2">
							<sfa:BirthDate>1960-05-21</sfa:BirthDate>
						</sfa:BirthInfo>
					</ftc:Individual>
				</ftc:AccountHolder>
				<ftc:AccountBalance currCode="USD">80868.95</ftc:AccountBalance>
				<ftc:Payment>
					<ftc:Type>FATCA502</ftc:Type>
					<ftc:PaymentAmnt currCode="USD">0.64</ftc:PaymentAmnt>
				</ftc:Payment>
			</ftc:AccountReport>
			<ftc:AccountReport>
				<ftc:DocSpec>
					<ftc:DocTypeIndic>FATCA1</ftc:DocTypeIndic>
					<ftc:DocRefId>1MMZME.00000.LE.320.f2a75d34-ee12-4ab3-898c-5b336173946d</ftc:DocRefId>
				</ftc:DocSpec>
				<ftc:AccountNumber>100318929</ftc:AccountNumber>
				<ftc:AccountClosed>false</ftc:AccountClosed>
				<ftc:AccountHolder>
					<ftc:Individual>
						<sfa:ResCountryCode xmlns:sfa="urn:oecd:ties:stffatcatypes:v2">US</sfa:ResCountryCode>
						<sfa:TIN xmlns:sfa="urn:oecd:ties:stffatcatypes:v2" issuedBy="US">148886990</sfa:TIN>
						<sfa:Name xmlns:sfa="urn:oecd:ties:stffatcatypes:v2">
							<sfa:FirstName>JOSE</sfa:FirstName>
							<sfa:LastName>RIVERA</sfa:LastName>
						</sfa:Name>
						<sfa:Address xmlns:sfa="urn:oecd:ties:stffatcatypes:v2">
							<sfa:CountryCode>US</sfa:CountryCode>
							<sfa:AddressFix>
								<sfa:Street>4TH ST</sfa:Street>
								<sfa:BuildingIdentifier>1101</sfa:BuildingIdentifier>
								<sfa:PostCode>89431</sfa:PostCode>
								<sfa:City>SPARKS</sfa:City>
								<sfa:CountrySubentity>NEVADA</sfa:CountrySubentity>
							</sfa:AddressFix>
						</sfa:Address>
						<sfa:BirthInfo xmlns:sfa="urn:oecd:ties:stffatcatypes:v2">
							<sfa:BirthDate>1967-05-25</sfa:BirthDate>
						</sfa:BirthInfo>
					</ftc:Individual>
				</ftc:AccountHolder>
				<ftc:AccountBalance currCode="USD">77540.91</ftc:AccountBalance>
				<ftc:Payment>
					<ftc:Type>FATCA502</ftc:Type>
					<ftc:PaymentAmnt currCode="USD">356.34</ftc:PaymentAmnt>
				</ftc:Payment>
			</ftc:AccountReport>
			<ftc:AccountReport>
				<ftc:DocSpec>
					<ftc:DocTypeIndic>FATCA1</ftc:DocTypeIndic>
					<ftc:DocRefId>1MMZME.00000.LE.320.4f772a6f-0826-4593-865a-f5f802836516</ftc:DocRefId>
				</ftc:DocSpec>
				<ftc:AccountNumber>100949219</ftc:AccountNumber>
				<ftc:AccountClosed>false</ftc:AccountClosed>
				<ftc:AccountHolder>
					<ftc:Individual>
						<sfa:ResCountryCode xmlns:sfa="urn:oecd:ties:stffatcatypes:v2">US</sfa:ResCountryCode>
						<sfa:TIN xmlns:sfa="urn:oecd:ties:stffatcatypes:v2" issuedBy="US">16945705</sfa:TIN>
						<sfa:Name xmlns:sfa="urn:oecd:ties:stffatcatypes:v2">
							<sfa:FirstName>CARMEN</sfa:FirstName>
							<sfa:LastName>VEGA</sfa:LastName>
						</sfa:Name>
						<sfa:Address xmlns:sfa="urn:oecd:ties:stffatcatypes:v2">
							<sfa:CountryCode>US</sfa:CountryCode>
							<sfa:AddressFix>
								<sfa:Street>SERONA LAFE DR</sfa:Street>
								<sfa:BuildingIdentifier>14156</sfa:BuildingIdentifier>
								<sfa:PostCode>32832</sfa:PostCode>
								<sfa:City>ORLANDO</sfa:City>
								<sfa:CountrySubentity>FLORIDA</sfa:CountrySubentity>
							</sfa:AddressFix>
						</sfa:Address>
						<sfa:BirthInfo xmlns:sfa="urn:oecd:ties:stffatcatypes:v2">
							<sfa:BirthDate>1970-02-08</sfa:BirthDate>
						</sfa:BirthInfo>
					</ftc:Individual>
				</ftc:AccountHolder>
				<ftc:AccountBalance currCode="USD">74472.24</ftc:AccountBalance>
				<ftc:Payment>
					<ftc:Type>FATCA502</ftc:Type>
					<ftc:PaymentAmnt currCode="USD">623.97</ftc:PaymentAmnt>
				</ftc:Payment>
			</ftc:AccountReport>
			<ftc:AccountReport>
				<ftc:DocSpec>
					<ftc:DocTypeIndic>FATCA1</ftc:DocTypeIndic>
					<ftc:DocRefId>1MMZME.00000.LE.320.89b5ea03-be0e-4618-accc-907ab154ca1a</ftc:DocRefId>
				</ftc:DocSpec>
				<ftc:AccountNumber>101159979</ftc:AccountNumber>
				<ftc:AccountClosed>false</ftc:AccountClosed>
				<ftc:AccountHolder>
					<ftc:Individual>
						<sfa:ResCountryCode xmlns:sfa="urn:oecd:ties:stffatcatypes:v2">US</sfa:ResCountryCode>
						<sfa:TIN xmlns:sfa="urn:oecd:ties:stffatcatypes:v2" issuedBy="US">629296376</sfa:TIN>
						<sfa:Name xmlns:sfa="urn:oecd:ties:stffatcatypes:v2">
							<sfa:FirstName>ELMER</sfa:FirstName>
							<sfa:LastName>CASASOLA</sfa:LastName>
						</sfa:Name>
						<sfa:Address xmlns:sfa="urn:oecd:ties:stffatcatypes:v2">
							<sfa:CountryCode>GT</sfa:CountryCode>
							<sfa:AddressFix>
								<sfa:Street>WILDERNESS PASS CEDA HILL</sfa:Street>
								<sfa:BuildingIdentifier>809</sfa:BuildingIdentifier>
								<sfa:PostCode>75104</sfa:PostCode>
								<sfa:City>DALLAS</sfa:City>
								<sfa:CountrySubentity>TEXAS</sfa:CountrySubentity>
							</sfa:AddressFix>
						</sfa:Address>
						<sfa:BirthInfo xmlns:sfa="urn:oecd:ties:stffatcatypes:v2">
							<sfa:BirthDate>1969-09-25</sfa:BirthDate>
						</sfa:BirthInfo>
					</ftc:Individual>
				</ftc:AccountHolder>
				<ftc:AccountBalance currCode="USD">71961.81</ftc:AccountBalance>
				<ftc:Payment>
					<ftc:Type>FATCA502</ftc:Type>
					<ftc:PaymentAmnt currCode="USD">141.36</ftc:PaymentAmnt>
				</ftc:Payment>
			</ftc:AccountReport>
			<ftc:AccountReport>
				<ftc:DocSpec>
					<ftc:DocTypeIndic>FATCA1</ftc:DocTypeIndic>
					<ftc:DocRefId>1MMZME.00000.LE.320.659e7514-a70d-404f-992c-af38c05c9f7a</ftc:DocRefId>
				</ftc:DocSpec>
				<ftc:AccountNumber>100447544</ftc:AccountNumber>
				<ftc:AccountClosed>false</ftc:AccountClosed>
				<ftc:AccountHolder>
					<ftc:Individual>
						<sfa:ResCountryCode xmlns:sfa="urn:oecd:ties:stffatcatypes:v2">US</sfa:ResCountryCode>
						<sfa:TIN xmlns:sfa="urn:oecd:ties:stffatcatypes:v2" issuedBy="US">610168851</sfa:TIN>
						<sfa:Name xmlns:sfa="urn:oecd:ties:stffatcatypes:v2">
							<sfa:FirstName>EDGAR</sfa:FirstName>
							<sfa:LastName>MERIDA</sfa:LastName>
						</sfa:Name>
						<sfa:Address xmlns:sfa="urn:oecd:ties:stffatcatypes:v2">
							<sfa:CountryCode>US</sfa:CountryCode>
							<sfa:AddressFix>
								<sfa:Street>SAN LUIS AVE BELL</sfa:Street>
								<sfa:BuildingIdentifier>6833</sfa:BuildingIdentifier>
								<sfa:PostCode>90201</sfa:PostCode>
								<sfa:City>CALIFORNIA</sfa:City>
								<sfa:CountrySubentity>ESTADOS UNIDOS</sfa:CountrySubentity>
							</sfa:AddressFix>
						</sfa:Address>
						<sfa:BirthInfo xmlns:sfa="urn:oecd:ties:stffatcatypes:v2">
							<sfa:BirthDate>1952-10-12</sfa:BirthDate>
						</sfa:BirthInfo>
					</ftc:Individual>
				</ftc:AccountHolder>
				<ftc:AccountBalance currCode="USD">68146.47</ftc:AccountBalance>
				<ftc:Payment>
					<ftc:Type>FATCA502</ftc:Type>
					<ftc:PaymentAmnt currCode="USD">2102.82</ftc:PaymentAmnt>
				</ftc:Payment>
			</ftc:AccountReport>
			<ftc:AccountReport>
				<ftc:DocSpec>
					<ftc:DocTypeIndic>FATCA1</ftc:DocTypeIndic>
					<ftc:DocRefId>1MMZME.00000.LE.320.35d3477f-43fb-4e08-8e85-23240a778d27</ftc:DocRefId>
				</ftc:DocSpec>
				<ftc:AccountNumber>100765826</ftc:AccountNumber>
				<ftc:AccountClosed>false</ftc:AccountClosed>
				<ftc:AccountHolder>
					<ftc:Individual>
						<sfa:ResCountryCode xmlns:sfa="urn:oecd:ties:stffatcatypes:v2">US</sfa:ResCountryCode>
						<sfa:TIN xmlns:sfa="urn:oecd:ties:stffatcatypes:v2" issuedBy="US">425177639</sfa:TIN>
						<sfa:Name xmlns:sfa="urn:oecd:ties:stffatcatypes:v2">
							<sfa:FirstName>BONTRAGER</sfa:FirstName>
							<sfa:LastName>JASON</sfa:LastName>
						</sfa:Name>
						<sfa:Address xmlns:sfa="urn:oecd:ties:stffatcatypes:v2">
							<sfa:CountryCode>GT</sfa:CountryCode>
							<sfa:AddressFix>
								<sfa:Street>CALLE EL ZAPOTE, EL ZAPOTE</sfa:Street>
								<sfa:BuildingIdentifier>00</sfa:BuildingIdentifier>
								<sfa:PostCode>17009</sfa:PostCode>
								<sfa:City>SAN LUIS</sfa:City>
								<sfa:CountrySubentity>PETEN</sfa:CountrySubentity>
							</sfa:AddressFix>
						</sfa:Address>
						<sfa:BirthInfo xmlns:sfa="urn:oecd:ties:stffatcatypes:v2">
							<sfa:BirthDate>1961-09-06 00:00:00</sfa:BirthDate>
						</sfa:BirthInfo>
					</ftc:Individual>
				</ftc:AccountHolder>
				<ftc:AccountBalance currCode="USD">68275.84</ftc:AccountBalance>
				<ftc:Payment>
					<ftc:Type>FATCA502</ftc:Type>
					<ftc:PaymentAmnt currCode="USD">385.08</ftc:PaymentAmnt>
				</ftc:Payment>
			</ftc:AccountReport>
			<ftc:AccountReport>
				<ftc:DocSpec>
					<ftc:DocTypeIndic>FATCA1</ftc:DocTypeIndic>
					<ftc:DocRefId>1MMZME.00000.LE.320.222ecae2-d371-4cf6-a1d7-b0f72ac6ff62</ftc:DocRefId>
				</ftc:DocSpec>
				<ftc:AccountNumber>100296112</ftc:AccountNumber>
				<ftc:AccountClosed>false</ftc:AccountClosed>
				<ftc:AccountHolder>
					<ftc:Individual>
						<sfa:ResCountryCode xmlns:sfa="urn:oecd:ties:stffatcatypes:v2">US</sfa:ResCountryCode>
						<sfa:TIN xmlns:sfa="urn:oecd:ties:stffatcatypes:v2" issuedBy="US">75796427</sfa:TIN>
						<sfa:Name xmlns:sfa="urn:oecd:ties:stffatcatypes:v2">
							<sfa:FirstName>CAROL</sfa:FirstName>
							<sfa:LastName>MORALES</sfa:LastName>
						</sfa:Name>
						<sfa:Address xmlns:sfa="urn:oecd:ties:stffatcatypes:v2">
							<sfa:CountryCode>GT</sfa:CountryCode>
							<sfa:AddressFix>
								<sfa:Street>4 AVENIDA EDIFICIO REAL LAS AMERICAS</sfa:Street>
								<sfa:BuildingIdentifier>23 55</sfa:BuildingIdentifier>
								<sfa:PostCode>1014</sfa:PostCode>
								<sfa:City>GUATEMALA</sfa:City>
								<sfa:CountrySubentity>GUATEMALA</sfa:CountrySubentity>
							</sfa:AddressFix>
						</sfa:Address>
						<sfa:BirthInfo xmlns:sfa="urn:oecd:ties:stffatcatypes:v2">
							<sfa:BirthDate>1946-06-19</sfa:BirthDate>
						</sfa:BirthInfo>
					</ftc:Individual>
				</ftc:AccountHolder>
				<ftc:AccountBalance currCode="USD">67758.89</ftc:AccountBalance>
				<ftc:Payment>
					<ftc:Type>FATCA502</ftc:Type>
					<ftc:PaymentAmnt currCode="USD">88.93</ftc:PaymentAmnt>
				</ftc:Payment>
			</ftc:AccountReport>
			<ftc:AccountReport>
				<ftc:DocSpec>
					<ftc:DocTypeIndic>FATCA1</ftc:DocTypeIndic>
					<ftc:DocRefId>1MMZME.00000.LE.320.c0c405d8-90df-4b7d-8ed4-3edb56a4f5c6</ftc:DocRefId>
				</ftc:DocSpec>
				<ftc:AccountNumber>15564</ftc:AccountNumber>
				<ftc:AccountClosed>false</ftc:AccountClosed>
				<ftc:AccountHolder>
					<ftc:Individual>
						<sfa:ResCountryCode xmlns:sfa="urn:oecd:ties:stffatcatypes:v2">US</sfa:ResCountryCode>
						<sfa:TIN xmlns:sfa="urn:oecd:ties:stffatcatypes:v2" issuedBy="US">394833806</sfa:TIN>
						<sfa:Name xmlns:sfa="urn:oecd:ties:stffatcatypes:v2">
							<sfa:FirstName>ELMIS</sfa:FirstName>
							<sfa:LastName>SALGUERO</sfa:LastName>
						</sfa:Name>
						<sfa:Address xmlns:sfa="urn:oecd:ties:stffatcatypes:v2">
							<sfa:CountryCode>US</sfa:CountryCode>
							<sfa:AddressFix>
								<sfa:Street>100 BOGAN LINCOLN</sfa:Street>
								<sfa:BuildingIdentifier>100</sfa:BuildingIdentifier>
								<sfa:PostCode>19960</sfa:PostCode>
								<sfa:City>LINCOLN</sfa:City>
								<sfa:CountrySubentity>DELAWARE</sfa:CountrySubentity>
							</sfa:AddressFix>
						</sfa:Address>
						<sfa:BirthInfo xmlns:sfa="urn:oecd:ties:stffatcatypes:v2">
							<sfa:BirthDate>1975-12-26 00:00:00</sfa:BirthDate>
						</sfa:BirthInfo>
					</ftc:Individual>
				</ftc:AccountHolder>
				<ftc:AccountBalance currCode="USD">58887.34</ftc:AccountBalance>
				<ftc:Payment>
					<ftc:Type>FATCA502</ftc:Type>
					<ftc:PaymentAmnt currCode="USD">22.31</ftc:PaymentAmnt>
				</ftc:Payment>
			</ftc:AccountReport>
			<ftc:AccountReport>
				<ftc:DocSpec>
					<ftc:DocTypeIndic>FATCA1</ftc:DocTypeIndic>
					<ftc:DocRefId>1MMZME.00000.LE.320.953bf4ff-f60c-4f1d-b0d9-45e46591d443</ftc:DocRefId>
				</ftc:DocSpec>
				<ftc:AccountNumber>100458913</ftc:AccountNumber>
				<ftc:AccountClosed>false</ftc:AccountClosed>
				<ftc:AccountHolder>
					<ftc:Individual>
						<sfa:ResCountryCode xmlns:sfa="urn:oecd:ties:stffatcatypes:v2">US</sfa:ResCountryCode>
						<sfa:TIN xmlns:sfa="urn:oecd:ties:stffatcatypes:v2" issuedBy="US">20860665</sfa:TIN>
						<sfa:Name xmlns:sfa="urn:oecd:ties:stffatcatypes:v2">
							<sfa:FirstName>OLIVIA</sfa:FirstName>
							<sfa:LastName>RECINOS</sfa:LastName>
						</sfa:Name>
						<sfa:Address xmlns:sfa="urn:oecd:ties:stffatcatypes:v2">
							<sfa:CountryCode>GT</sfa:CountryCode>
							<sfa:AddressFix>
								<sfa:Street>OLD IRONSIDE WAY CHARLESTOWN</sfa:Street>
								<sfa:BuildingIdentifier>76</sfa:BuildingIdentifier>
								<sfa:PostCode>2129</sfa:PostCode>
								<sfa:City>BOSTON</sfa:City>
								<sfa:CountrySubentity>MASSACHUSETTS</sfa:CountrySubentity>
							</sfa:AddressFix>
						</sfa:Address>
						<sfa:BirthInfo xmlns:sfa="urn:oecd:ties:stffatcatypes:v2">
							<sfa:BirthDate>1960-11-20</sfa:BirthDate>
						</sfa:BirthInfo>
					</ftc:Individual>
				</ftc:AccountHolder>
				<ftc:AccountBalance currCode="USD">57158.1</ftc:AccountBalance>
				<ftc:Payment>
					<ftc:Type>FATCA502</ftc:Type>
					<ftc:PaymentAmnt currCode="USD">701.33</ftc:PaymentAmnt>
				</ftc:Payment>
			</ftc:AccountReport>
			<ftc:AccountReport>
				<ftc:DocSpec>
					<ftc:DocTypeIndic>FATCA1</ftc:DocTypeIndic>
					<ftc:DocRefId>1MMZME.00000.LE.320.8ebfbc77-5f7e-497e-881a-09a4d5b18263</ftc:DocRefId>
				</ftc:DocSpec>
				<ftc:AccountNumber>100970997</ftc:AccountNumber>
				<ftc:AccountClosed>false</ftc:AccountClosed>
				<ftc:AccountHolder>
					<ftc:Individual>
						<sfa:ResCountryCode xmlns:sfa="urn:oecd:ties:stffatcatypes:v2">US</sfa:ResCountryCode>
						<sfa:TIN xmlns:sfa="urn:oecd:ties:stffatcatypes:v2" issuedBy="US">543153650</sfa:TIN>
						<sfa:Name xmlns:sfa="urn:oecd:ties:stffatcatypes:v2">
							<sfa:FirstName>BYRAN</sfa:FirstName>
							<sfa:LastName>RODRIGUEZ</sfa:LastName>
						</sfa:Name>
						<sfa:Address xmlns:sfa="urn:oecd:ties:stffatcatypes:v2">
							<sfa:CountryCode>US</sfa:CountryCode>
							<sfa:AddressFix>
								<sfa:Street>RENEE WAY CONCORD</sfa:Street>
								<sfa:BuildingIdentifier>1851</sfa:BuildingIdentifier>
								<sfa:PostCode>94521</sfa:PostCode>
								<sfa:City>CONCURCL</sfa:City>
								<sfa:CountrySubentity>CALIFORNIA</sfa:CountrySubentity>
							</sfa:AddressFix>
						</sfa:Address>
						<sfa:BirthInfo xmlns:sfa="urn:oecd:ties:stffatcatypes:v2">
							<sfa:BirthDate>1974-12-07 00:00:00</sfa:BirthDate>
						</sfa:BirthInfo>
					</ftc:Individual>
				</ftc:AccountHolder>
				<ftc:AccountBalance currCode="USD">56099.56</ftc:AccountBalance>
				<ftc:Payment>
					<ftc:Type>FATCA502</ftc:Type>
					<ftc:PaymentAmnt currCode="USD">1158.13</ftc:PaymentAmnt>
				</ftc:Payment>
			</ftc:AccountReport>
			<ftc:AccountReport>
				<ftc:DocSpec>
					<ftc:DocTypeIndic>FATCA1</ftc:DocTypeIndic>
					<ftc:DocRefId>1MMZME.00000.LE.320.759f9133-fac7-4438-b62c-28be7b7412cb</ftc:DocRefId>
				</ftc:DocSpec>
				<ftc:AccountNumber>100527749</ftc:AccountNumber>
				<ftc:AccountClosed>false</ftc:AccountClosed>
				<ftc:AccountHolder>
					<ftc:Individual>
						<sfa:ResCountryCode xmlns:sfa="urn:oecd:ties:stffatcatypes:v2">US</sfa:ResCountryCode>
						<sfa:TIN xmlns:sfa="urn:oecd:ties:stffatcatypes:v2" issuedBy="US">564630551</sfa:TIN>
						<sfa:Name xmlns:sfa="urn:oecd:ties:stffatcatypes:v2">
							<sfa:FirstName>IDOLINO</sfa:FirstName>
							<sfa:LastName>VARGAS</sfa:LastName>
						</sfa:Name>
						<sfa:Address xmlns:sfa="urn:oecd:ties:stffatcatypes:v2">
							<sfa:CountryCode>GT</sfa:CountryCode>
							<sfa:AddressFix>
								<sfa:Street>11 CALLE A VILLAS DEL NORTE ZONA 17</sfa:Street>
								<sfa:BuildingIdentifier>17 30</sfa:BuildingIdentifier>
								<sfa:PostCode>1017</sfa:PostCode>
								<sfa:City>GUATEMALA</sfa:City>
								<sfa:CountrySubentity>GUATEMALA</sfa:CountrySubentity>
							</sfa:AddressFix>
						</sfa:Address>
						<sfa:BirthInfo xmlns:sfa="urn:oecd:ties:stffatcatypes:v2">
							<sfa:BirthDate>1946-06-24</sfa:BirthDate>
						</sfa:BirthInfo>
					</ftc:Individual>
				</ftc:AccountHolder>
				<ftc:AccountBalance currCode="USD">56265.17</ftc:AccountBalance>
				<ftc:Payment>
					<ftc:Type>FATCA502</ftc:Type>
					<ftc:PaymentAmnt currCode="USD">56.34</ftc:PaymentAmnt>
				</ftc:Payment>
			</ftc:AccountReport>
			<ftc:AccountReport>
				<ftc:DocSpec>
					<ftc:DocTypeIndic>FATCA1</ftc:DocTypeIndic>
					<ftc:DocRefId>1MMZME.00000.LE.320.004008eb-71ac-4a41-b0f1-d0dba7d76ef6</ftc:DocRefId>
				</ftc:DocSpec>
				<ftc:AccountNumber>100960695</ftc:AccountNumber>
				<ftc:AccountClosed>false</ftc:AccountClosed>
				<ftc:AccountHolder>
					<ftc:Individual>
						<sfa:ResCountryCode xmlns:sfa="urn:oecd:ties:stffatcatypes:v2">US</sfa:ResCountryCode>
						<sfa:TIN xmlns:sfa="urn:oecd:ties:stffatcatypes:v2" issuedBy="US">365275428</sfa:TIN>
						<sfa:Name xmlns:sfa="urn:oecd:ties:stffatcatypes:v2">
							<sfa:FirstName>ARIEL</sfa:FirstName>
							<sfa:LastName>SALVATIERRA</sfa:LastName>
						</sfa:Name>
						<sfa:Address xmlns:sfa="urn:oecd:ties:stffatcatypes:v2">
							<sfa:CountryCode>GT</sfa:CountryCode>
							<sfa:AddressFix>
								<sfa:Street>1 CALLE</sfa:Street>
								<sfa:BuildingIdentifier>2 07</sfa:BuildingIdentifier>
								<sfa:PostCode>9032</sfa:PostCode>
								<sfa:City>LA ESPERANZA</sfa:City>
								<sfa:CountrySubentity>QUETZALTENANGO</sfa:CountrySubentity>
							</sfa:AddressFix>
						</sfa:Address>
						<sfa:BirthInfo xmlns:sfa="urn:oecd:ties:stffatcatypes:v2">
							<sfa:BirthDate>2001-05-19 00:00:00</sfa:BirthDate>
						</sfa:BirthInfo>
					</ftc:Individual>
				</ftc:AccountHolder>
				<ftc:AccountBalance currCode="USD">55397.11</ftc:AccountBalance>
				<ftc:Payment>
					<ftc:Type>FATCA502</ftc:Type>
					<ftc:PaymentAmnt currCode="USD">107.18</ftc:PaymentAmnt>
				</ftc:Payment>
			</ftc:AccountReport>
			<ftc:AccountReport>
				<ftc:DocSpec>
					<ftc:DocTypeIndic>FATCA1</ftc:DocTypeIndic>
					<ftc:DocRefId>1MMZME.00000.LE.320.b59a1c34-1054-497f-b4fd-1560b25e4e28</ftc:DocRefId>
				</ftc:DocSpec>
				<ftc:AccountNumber>100375221</ftc:AccountNumber>
				<ftc:AccountClosed>false</ftc:AccountClosed>
				<ftc:AccountHolder>
					<ftc:Individual>
						<sfa:ResCountryCode xmlns:sfa="urn:oecd:ties:stffatcatypes:v2">US</sfa:ResCountryCode>
						<sfa:TIN xmlns:sfa="urn:oecd:ties:stffatcatypes:v2" issuedBy="US">225638931</sfa:TIN>
						<sfa:Name xmlns:sfa="urn:oecd:ties:stffatcatypes:v2">
							<sfa:FirstName>ALBA</sfa:FirstName>
							<sfa:LastName>RIVAS</sfa:LastName>
						</sfa:Name>
						<sfa:Address xmlns:sfa="urn:oecd:ties:stffatcatypes:v2">
							<sfa:CountryCode>US</sfa:CountryCode>
							<sfa:AddressFix>
								<sfa:Street>BAYSPRINGS DR PENSACOLA</sfa:Street>
								<sfa:BuildingIdentifier>7151</sfa:BuildingIdentifier>
								<sfa:PostCode>33142</sfa:PostCode>
								<sfa:City>MIAMI</sfa:City>
								<sfa:CountrySubentity>FLORIDA</sfa:CountrySubentity>
							</sfa:AddressFix>
						</sfa:Address>
						<sfa:BirthInfo xmlns:sfa="urn:oecd:ties:stffatcatypes:v2">
							<sfa:BirthDate>1968-05-25</sfa:BirthDate>
						</sfa:BirthInfo>
					</ftc:Individual>
				</ftc:AccountHolder>
				<ftc:AccountBalance currCode="USD">53661.32</ftc:AccountBalance>
				<ftc:Payment>
					<ftc:Type>FATCA502</ftc:Type>
					<ftc:PaymentAmnt currCode="USD">328.1</ftc:PaymentAmnt>
				</ftc:Payment>
			</ftc:AccountReport>
			<ftc:AccountReport>
				<ftc:DocSpec>
					<ftc:DocTypeIndic>FATCA1</ftc:DocTypeIndic>
					<ftc:DocRefId>1MMZME.00000.LE.320.7324b421-c07f-4f2a-8b21-efb7b05cac3c</ftc:DocRefId>
				</ftc:DocSpec>
				<ftc:AccountNumber>100636477</ftc:AccountNumber>
				<ftc:AccountClosed>false</ftc:AccountClosed>
				<ftc:AccountHolder>
					<ftc:Individual>
						<sfa:ResCountryCode xmlns:sfa="urn:oecd:ties:stffatcatypes:v2">US</sfa:ResCountryCode>
						<sfa:TIN xmlns:sfa="urn:oecd:ties:stffatcatypes:v2" issuedBy="US">619691073</sfa:TIN>
						<sfa:Name xmlns:sfa="urn:oecd:ties:stffatcatypes:v2">
							<sfa:FirstName>ANGELA</sfa:FirstName>
							<sfa:LastName>MENDEZ</sfa:LastName>
						</sfa:Name>
						<sfa:Address xmlns:sfa="urn:oecd:ties:stffatcatypes:v2">
							<sfa:CountryCode>US</sfa:CountryCode>
							<sfa:AddressFix>
								<sfa:Street>VANOWEN ST. APT. 203</sfa:Street>
								<sfa:BuildingIdentifier>15343</sfa:BuildingIdentifier>
								<sfa:PostCode>91406</sfa:PostCode>
								<sfa:City>VAN NUYS</sfa:City>
								<sfa:CountrySubentity>CALIFORNIA</sfa:CountrySubentity>
							</sfa:AddressFix>
						</sfa:Address>
						<sfa:BirthInfo xmlns:sfa="urn:oecd:ties:stffatcatypes:v2">
							<sfa:BirthDate>1981-11-01</sfa:BirthDate>
						</sfa:BirthInfo>
					</ftc:Individual>
				</ftc:AccountHolder>
				<ftc:AccountBalance currCode="USD">53485.95</ftc:AccountBalance>
				<ftc:Payment>
					<ftc:Type>FATCA502</ftc:Type>
					<ftc:PaymentAmnt currCode="USD">20.13</ftc:PaymentAmnt>
				</ftc:Payment>
			</ftc:AccountReport>
			<ftc:AccountReport>
				<ftc:DocSpec>
					<ftc:DocTypeIndic>FATCA1</ftc:DocTypeIndic>
					<ftc:DocRefId>1MMZME.00000.LE.320.18522c3a-c9ab-4e53-ba2a-55cfc89f7b9a</ftc:DocRefId>
				</ftc:DocSpec>
				<ftc:AccountNumber>2500116348</ftc:AccountNumber>
				<ftc:AccountClosed>false</ftc:AccountClosed>
				<ftc:AccountHolder>
					<ftc:Individual>
						<sfa:ResCountryCode xmlns:sfa="urn:oecd:ties:stffatcatypes:v2">US</sfa:ResCountryCode>
						<sfa:TIN xmlns:sfa="urn:oecd:ties:stffatcatypes:v2" issuedBy="US">607208696</sfa:TIN>
						<sfa:Name xmlns:sfa="urn:oecd:ties:stffatcatypes:v2">
							<sfa:FirstName>RENAN</sfa:FirstName>
							<sfa:LastName>MAZARIEGOS</sfa:LastName>
						</sfa:Name>
						<sfa:Address xmlns:sfa="urn:oecd:ties:stffatcatypes:v2">
							<sfa:CountryCode>US</sfa:CountryCode>
							<sfa:AddressFix>
								<sfa:Street>GREENWOOD AVE</sfa:Street>
								<sfa:BuildingIdentifier>16</sfa:BuildingIdentifier>
								<sfa:PostCode>94901</sfa:PostCode>
								<sfa:City>SAN RAFAEL</sfa:City>
								<sfa:CountrySubentity>CALIFORNIA</sfa:CountrySubentity>
							</sfa:AddressFix>
						</sfa:Address>
						<sfa:BirthInfo xmlns:sfa="urn:oecd:ties:stffatcatypes:v2">
							<sfa:BirthDate>1962-10-22</sfa:BirthDate>
						</sfa:BirthInfo>
					</ftc:Individual>
				</ftc:AccountHolder>
				<ftc:AccountBalance currCode="USD">52151.13</ftc:AccountBalance>
				<ftc:Payment>
					<ftc:Type>FATCA502</ftc:Type>
					<ftc:PaymentAmnt currCode="USD">29.01</ftc:PaymentAmnt>
				</ftc:Payment>
			</ftc:AccountReport>
			<ftc:AccountReport>
				<ftc:DocSpec>
					<ftc:DocTypeIndic>FATCA1</ftc:DocTypeIndic>
					<ftc:DocRefId>1MMZME.00000.LE.320.c1a7b213-fa83-474f-a699-f5463727c28f</ftc:DocRefId>
				</ftc:DocSpec>
				<ftc:AccountNumber>101146223</ftc:AccountNumber>
				<ftc:AccountClosed>false</ftc:AccountClosed>
				<ftc:AccountHolder>
					<ftc:Individual>
						<sfa:ResCountryCode xmlns:sfa="urn:oecd:ties:stffatcatypes:v2">US</sfa:ResCountryCode>
						<sfa:TIN xmlns:sfa="urn:oecd:ties:stffatcatypes:v2" issuedBy="US">416211866</sfa:TIN>
						<sfa:Name xmlns:sfa="urn:oecd:ties:stffatcatypes:v2">
							<sfa:FirstName>LILY</sfa:FirstName>
							<sfa:LastName>PINEDA</sfa:LastName>
						</sfa:Name>
						<sfa:Address xmlns:sfa="urn:oecd:ties:stffatcatypes:v2">
							<sfa:CountryCode>GT</sfa:CountryCode>
							<sfa:AddressFix>
								<sfa:Street>4TA AVENIDA ZONA 14</sfa:Street>
								<sfa:BuildingIdentifier>1971</sfa:BuildingIdentifier>
								<sfa:PostCode>1014</sfa:PostCode>
								<sfa:City>GUATEMALA</sfa:City>
								<sfa:CountrySubentity>GUATEMALA</sfa:CountrySubentity>
							</sfa:AddressFix>
						</sfa:Address>
						<sfa:BirthInfo xmlns:sfa="urn:oecd:ties:stffatcatypes:v2">
							<sfa:BirthDate>1978-08-15</sfa:BirthDate>
						</sfa:BirthInfo>
					</ftc:Individual>
				</ftc:AccountHolder>
				<ftc:AccountBalance currCode="USD">51666.92</ftc:AccountBalance>
				<ftc:Payment>
					<ftc:Type>FATCA502</ftc:Type>
					<ftc:PaymentAmnt currCode="USD">0.0</ftc:PaymentAmnt>
				</ftc:Payment>
			</ftc:AccountReport>
			<ftc:AccountReport>
				<ftc:DocSpec>
					<ftc:DocTypeIndic>FATCA1</ftc:DocTypeIndic>
					<ftc:DocRefId>1MMZME.00000.LE.320.73df0363-e99e-468b-8319-434df7493e36</ftc:DocRefId>
				</ftc:DocSpec>
				<ftc:AccountNumber>100958053</ftc:AccountNumber>
				<ftc:AccountClosed>false</ftc:AccountClosed>
				<ftc:AccountHolder>
					<ftc:Individual>
						<sfa:ResCountryCode xmlns:sfa="urn:oecd:ties:stffatcatypes:v2">US</sfa:ResCountryCode>
						<sfa:TIN xmlns:sfa="urn:oecd:ties:stffatcatypes:v2" issuedBy="US">86826953</sfa:TIN>
						<sfa:Name xmlns:sfa="urn:oecd:ties:stffatcatypes:v2">
							<sfa:FirstName>LUIS</sfa:FirstName>
							<sfa:LastName>PALMA</sfa:LastName>
						</sfa:Name>
						<sfa:Address xmlns:sfa="urn:oecd:ties:stffatcatypes:v2">
							<sfa:CountryCode>GT</sfa:CountryCode>
							<sfa:AddressFix>
								<sfa:Street>CARRETERA JALAPA EL OVEJERO</sfa:Street>
								<sfa:BuildingIdentifier>00</sfa:BuildingIdentifier>
								<sfa:PostCode>6001</sfa:PostCode>
								<sfa:City>EL PROGRESO</sfa:City>
								<sfa:CountrySubentity>JUTIAPA</sfa:CountrySubentity>
							</sfa:AddressFix>
						</sfa:Address>
						<sfa:BirthInfo xmlns:sfa="urn:oecd:ties:stffatcatypes:v2">
							<sfa:BirthDate>1972-12-23 00:00:00</sfa:BirthDate>
						</sfa:BirthInfo>
					</ftc:Individual>
				</ftc:AccountHolder>
				<ftc:AccountBalance currCode="USD">50136.41</ftc:AccountBalance>
				<ftc:Payment>
					<ftc:Type>FATCA502</ftc:Type>
					<ftc:PaymentAmnt currCode="USD">935.33</ftc:PaymentAmnt>
				</ftc:Payment>
			</ftc:AccountReport>
			<ftc:AccountReport>
				<ftc:DocSpec>
					<ftc:DocTypeIndic>FATCA1</ftc:DocTypeIndic>
					<ftc:DocRefId>1MMZME.00000.LE.320.6dbc1459-a601-4abb-bf6c-10b5f9b63a8d</ftc:DocRefId>
				</ftc:DocSpec>
				<ftc:AccountNumber>101028954</ftc:AccountNumber>
				<ftc:AccountClosed>false</ftc:AccountClosed>
				<ftc:AccountHolder>
					<ftc:Individual>
						<sfa:ResCountryCode xmlns:sfa="urn:oecd:ties:stffatcatypes:v2">US</sfa:ResCountryCode>
						<sfa:TIN xmlns:sfa="urn:oecd:ties:stffatcatypes:v2" issuedBy="US">767141813</sfa:TIN>
						<sfa:Name xmlns:sfa="urn:oecd:ties:stffatcatypes:v2">
							<sfa:FirstName>MADELYNE</sfa:FirstName>
							<sfa:LastName>CANO</sfa:LastName>
						</sfa:Name>
						<sfa:Address xmlns:sfa="urn:oecd:ties:stffatcatypes:v2">
							<sfa:CountryCode>GT</sfa:CountryCode>
							<sfa:AddressFix>
								<sfa:Street>KILOMETRO 18.5 CARRETERA AL SALVADOR RESIDENCIAL SANTUARIA MUXBAL  LOS CIPRESES</sfa:Street>
								<sfa:BuildingIdentifier>23</sfa:BuildingIdentifier>
								<sfa:PostCode>1051</sfa:PostCode>
								<sfa:City>SANTA CATARINA PINULA</sfa:City>
								<sfa:CountrySubentity>GUATEMALA</sfa:CountrySubentity>
							</sfa:AddressFix>
						</sfa:Address>
						<sfa:BirthInfo xmlns:sfa="urn:oecd:ties:stffatcatypes:v2">
							<sfa:BirthDate>2002-08-01 00:00:00</sfa:BirthDate>
						</sfa:BirthInfo>
					</ftc:Individual>
				</ftc:AccountHolder>
				<ftc:AccountBalance currCode="USD">48135.63</ftc:AccountBalance>
				<ftc:Payment>
					<ftc:Type>FATCA502</ftc:Type>
					<ftc:PaymentAmnt currCode="USD">2018.81</ftc:PaymentAmnt>
				</ftc:Payment>
			</ftc:AccountReport>
		</ftc:ReportingGroup>
	</ftc:FATCA>
</ftc:FATCA_OECD>