<?xml version="1.0" encoding="utf-8"?>
<ftc:FATCA_OECD xmlns:xsi="http:www.w3.org2001XMLSchema-instance" xsi:schemaLocation="urn:oecd:ties:fatca:v2" xmlns:iso="urn:oecd:ties:isofatcatypes:v1" xmlns:ftc="urn:oecd:ties:fatca:v2" xmlns:stf="urn:oecd:ties:stf:v4" xmlns:sfa="urn:oecd:ties:stffatcatypes:v2" version="2.0">
<ftc:MessageSpec>
<sfa:SendingCompanyIN>1MMZME.00004.ME.320</sfa:SendingCompanyIN>
<sfa:TransmittingCountry>GT</sfa:TransmittingCountry>
<sfa:ReceivingCountry>US</sfa:ReceivingCountry>
<sfa:MessageType>FATCA</sfa:MessageType>
<sfa:MessageRefId>27a6d108-762b-478f-9fec-c60c99afe7d7</sfa:MessageRefId>
<sfa:ReportingPeriod>2025-12-31</sfa:ReportingPeriod>
<sfa:Timestamp>2025-03-12T19:30:27Z</sfa:Timestamp>
</ftc:MessageSpec>
<ftc:FATCA>
<ftc:ReportingFI>
<sfa:ResCountryCode>GT</sfa:ResCountryCode>
<sfa:TIN issuedBy="US">1MMZME.00004.ME.320</sfa:TIN>
<sfa:Name>CASA DE BOLSA DE LOS TRABAJADORES</sfa:Name>
<sfa:Address>
<sfa:CountryCode>GT</sfa:CountryCode>
<sfa:AddressFree>AVENIDA REFORMA 6 20 ZONA 9 GUATEMALA</sfa:AddressFree>
</sfa:Address>
<ftc:FilerCategory>FATCA601</ftc:FilerCategory><ftc:DocSpec>
<ftc:DocTypeIndic>FATCA1</ftc:DocTypeIndic>
<ftc:DocRefId>1MMZME.00004.ME.320.34b9aaad-8aaf-4387-aacc-d19054459528</ftc:DocRefId>
</ftc:DocSpec>
</ftc:ReportingFI>
<ftc:ReportingGroup>
<ftc:NilReport>
<ftc:DocSpec>
<ftc:DocTypeIndic>FATCA1</ftc:DocTypeIndic>
<ftc:DocRefId>1MMZME.00004.ME.320.4f0ed76e-6391-4f9d-bec5-7382de883e33</ftc:DocRefId>
</ftc:DocSpec>
<ftc:NoAccountToReport>yes</ftc:NoAccountToReport>
</ftc:NilReport>
</ftc:ReportingGroup>
</ftc:FATCA>
</ftc:FATCA_OECD>
